method,split,seed,mean_success,ci95_success,mean_utility,ci95_utility,mean_precondition_violation,ci95_precondition_violation,mean_belief_ece,ci95_belief_ece,mean_branch_entropy_error,ci95_branch_entropy_error,mean_recovery_success,ci95_recovery_success,mean_damage_rate,ci95_damage_rate,mean_wasted_action,ci95_wasted_action,mean_intervention_cost,ci95_intervention_cost,mean_probe_overhead,ci95_probe_overhead,mean_irreversible_commitment,ci95_irreversible_commitment,mean_plan_depth_blowup,ci95_plan_depth_blowup,mean_regret_to_oracle,ci95_regret_to_oracle,groups
deterministic_symbolic_tamp,heldout_combined_contact_uncertainty,0,0.3,0.044027,-0.041281,0.043599,0.245996,0.014373,0.191967,0.010171,0.199602,0.008331,0.171359,0.002876,0.103706,0.00597,0.176197,0.010683,0.130043,0.000797,0.043642,0.0,0.118491,0.008999,0.165911,0.008011,0.414583,0.05811,80
deterministic_symbolic_tamp,heldout_combined_contact_uncertainty,1,0.316667,0.043331,-0.029725,0.047248,0.246893,0.014449,0.191276,0.01034,0.199713,0.008425,0.173642,0.002909,0.103641,0.005971,0.177732,0.010787,0.130043,0.000797,0.043642,0.0,0.118989,0.009039,0.165964,0.0079,0.4,0.054078,80
deterministic_symbolic_tamp,heldout_combined_contact_uncertainty,2,0.347917,0.039921,-0.000546,0.043722,0.247859,0.014526,0.19236,0.010117,0.199236,0.008382,0.172272,0.002896,0.102784,0.005935,0.176596,0.011015,0.130043,0.000797,0.043642,0.0,0.119381,0.008831,0.166654,0.008049,0.34375,0.049427,80
deterministic_symbolic_tamp,heldout_combined_contact_uncertainty,3,0.354167,0.042455,-0.001723,0.04693,0.247071,0.014584,0.19272,0.010202,0.199595,0.008173,0.173275,0.003052,0.103073,0.005972,0.176804,0.01073,0.130043,0.000797,0.043642,0.0,0.118802,0.00887,0.167019,0.007985,0.377083,0.050908,80
deterministic_symbolic_tamp,heldout_combined_contact_uncertainty,4,0.364583,0.043909,0.009823,0.048926,0.245873,0.014431,0.193673,0.010179,0.198789,0.008226,0.174258,0.002703,0.104473,0.005923,0.176725,0.010561,0.130043,0.000797,0.043642,0.0,0.118927,0.008987,0.167075,0.008039,0.360417,0.057364,80
deterministic_symbolic_tamp,heldout_combined_contact_uncertainty,5,0.310417,0.042996,-0.034664,0.046263,0.24569,0.014407,0.191817,0.010306,0.198545,0.008151,0.1709,0.002807,0.103733,0.005877,0.175961,0.010841,0.130043,0.000797,0.043642,0.0,0.119329,0.008992,0.166399,0.007843,0.397917,0.052137,80
deterministic_symbolic_tamp,heldout_combined_contact_uncertainty,6,0.333333,0.050326,-0.01223,0.055469,0.248138,0.014813,0.192161,0.010081,0.199391,0.008307,0.172596,0.00255,0.104327,0.005807,0.176981,0.010615,0.130043,0.000797,0.043642,0.0,0.119368,0.008893,0.166164,0.007859,0.383333,0.056461,80
deterministic_symbolic_tamp,heldout_combined_contact_uncertainty,7,0.34375,0.048391,-0.003973,0.05243,0.246823,0.014496,0.192952,0.010086,0.200252,0.008335,0.172097,0.0029,0.103931,0.005926,0.17646,0.010888,0.130043,0.000797,0.043642,0.0,0.120169,0.009013,0.166927,0.007924,0.352083,0.049648,80
deterministic_symbolic_tamp,heldout_combined_contact_uncertainty,8,0.320833,0.046407,-0.02058,0.049055,0.247053,0.014479,0.192552,0.010067,0.199474,0.008191,0.172907,0.002876,0.103896,0.005886,0.17702,0.010935,0.130043,0.000797,0.043642,0.0,0.118971,0.008875,0.166838,0.008027,0.3875,0.059483,80
deterministic_symbolic_tamp,heldout_combined_contact_uncertainty,9,0.295833,0.041895,-0.044313,0.044048,0.246071,0.014446,0.191804,0.010347,0.200555,0.008152,0.174231,0.003136,0.103551,0.00572,0.177124,0.010574,0.130043,0.000797,0.043642,0.0,0.11939,0.008957,0.166307,0.007938,0.370833,0.055122,80
robust_geometric_tamp,heldout_combined_contact_uncertainty,0,0.404167,0.049232,0.087462,0.054357,0.207234,0.012576,0.171052,0.008824,0.177017,0.007221,0.234299,0.002523,0.081099,0.004288,0.158399,0.009281,0.259902,0.00098,0.042442,0.0,0.096641,0.00664,0.146653,0.006809,0.316667,0.056819,80
robust_geometric_tamp,heldout_combined_contact_uncertainty,1,0.404167,0.040998,0.080283,0.049492,0.207931,0.012131,0.170541,0.008789,0.177233,0.006894,0.232109,0.003087,0.080545,0.004234,0.159197,0.008998,0.259902,0.00098,0.042442,0.0,0.096741,0.006638,0.145647,0.006634,0.31875,0.049716,80
robust_geometric_tamp,heldout_combined_contact_uncertainty,2,0.402083,0.041781,0.080511,0.044585,0.208246,0.012337,0.170981,0.008793,0.177188,0.007105,0.23303,0.002791,0.081086,0.004417,0.157322,0.009051,0.259902,0.00098,0.042442,0.0,0.096858,0.006547,0.147456,0.006836,0.3125,0.056453,80
robust_geometric_tamp,heldout_combined_contact_uncertainty,3,0.370833,0.040668,0.047238,0.049944,0.207423,0.012465,0.17196,0.008807,0.177827,0.00698,0.231673,0.002672,0.080811,0.004422,0.158801,0.009276,0.259902,0.00098,0.042442,0.0,0.097141,0.006639,0.14718,0.006624,0.360417,0.050475,80
robust_geometric_tamp,heldout_combined_contact_uncertainty,4,0.4125,0.050652,0.097471,0.053965,0.208447,0.012557,0.170255,0.008892,0.176815,0.007127,0.232918,0.002427,0.081621,0.004465,0.15867,0.009195,0.259902,0.00098,0.042442,0.0,0.097456,0.006561,0.146951,0.006691,0.320833,0.05382,80
robust_geometric_tamp,heldout_combined_contact_uncertainty,5,0.375,0.045941,0.060324,0.047402,0.207613,0.012536,0.171324,0.008904,0.176933,0.006867,0.233865,0.002659,0.08101,0.00417,0.159076,0.009028,0.259902,0.00098,0.042442,0.0,0.09689,0.006623,0.147104,0.006736,0.333333,0.055129,80
robust_geometric_tamp,heldout_combined_contact_uncertainty,6,0.4,0.044485,0.078188,0.049361,0.208201,0.012415,0.17107,0.008969,0.176785,0.007236,0.23293,0.00304,0.08118,0.004343,0.158648,0.009224,0.259902,0.00098,0.042442,0.0,0.097265,0.006765,0.146981,0.006602,0.310417,0.051893,80
robust_geometric_tamp,heldout_combined_contact_uncertainty,7,0.358333,0.04505,0.035559,0.049677,0.207609,0.012434,0.170349,0.008909,0.176843,0.006983,0.231351,0.003123,0.081878,0.004292,0.158797,0.009286,0.259902,0.00098,0.042442,0.0,0.096661,0.00677,0.146742,0.006576,0.339583,0.047368,80
robust_geometric_tamp,heldout_combined_contact_uncertainty,8,0.366667,0.046634,0.046485,0.046572,0.20767,0.012448,0.171146,0.009059,0.177764,0.006829,0.233992,0.002733,0.081325,0.004301,0.157908,0.009327,0.259902,0.00098,0.042442,0.0,0.097825,0.006706,0.146867,0.006687,0.347917,0.053637,80
robust_geometric_tamp,heldout_combined_contact_uncertainty,9,0.385417,0.043717,0.063149,0.04914,0.206583,0.012357,0.171218,0.008697,0.176714,0.006907,0.233989,0.00257,0.081062,0.004307,0.157988,0.009255,0.259902,0.00098,0.042442,0.0,0.097034,0.006718,0.146079,0.006583,0.308333,0.052654,80
receding_horizon_mpc,heldout_combined_contact_uncertainty,0,0.4125,0.047201,0.126055,0.049202,0.18106,0.010793,0.15396,0.007864,0.164095,0.00633,0.293769,0.003143,0.078665,0.004172,0.144346,0.007967,0.247621,0.000946,0.044591,0.0,0.095896,0.006567,0.137218,0.00614,0.30625,0.051795,80
receding_horizon_mpc,heldout_combined_contact_uncertainty,1,0.4375,0.042056,0.150417,0.047092,0.181583,0.010778,0.153495,0.007753,0.164854,0.006277,0.294164,0.002903,0.07936,0.004052,0.144425,0.00806,0.247621,0.000946,0.044591,0.0,0.095859,0.006628,0.136879,0.006025,0.285417,0.046921,80
receding_horizon_mpc,heldout_combined_contact_uncertainty,2,0.466667,0.047353,0.181567,0.053291,0.181918,0.010763,0.154161,0.00801,0.165078,0.006371,0.294406,0.002882,0.079301,0.004224,0.143746,0.008168,0.247621,0.000946,0.044591,0.0,0.095593,0.006497,0.137006,0.006212,0.247917,0.05262,80
receding_horizon_mpc,heldout_combined_contact_uncertainty,3,0.402083,0.047457,0.118555,0.051735,0.180563,0.010706,0.15364,0.007729,0.163324,0.006389,0.294931,0.0028,0.078646,0.004259,0.143578,0.008136,0.247621,0.000946,0.044591,0.0,0.095783,0.006729,0.137056,0.006051,0.333333,0.056341,80
receding_horizon_mpc,heldout_combined_contact_uncertainty,4,0.439583,0.042003,0.154379,0.042887,0.181134,0.01078,0.154086,0.007886,0.164063,0.006447,0.29471,0.003328,0.078679,0.004121,0.143545,0.007989,0.247621,0.000946,0.044591,0.0,0.094615,0.006404,0.136471,0.006137,0.3,0.057056,80
receding_horizon_mpc,heldout_combined_contact_uncertainty,5,0.460417,0.046214,0.174895,0.050998,0.181466,0.01056,0.154336,0.00802,0.164641,0.006309,0.295051,0.003041,0.078769,0.004174,0.144393,0.008226,0.247621,0.000946,0.044591,0.0,0.095702,0.006496,0.137263,0.005961,0.260417,0.051271,80
receding_horizon_mpc,heldout_combined_contact_uncertainty,6,0.435417,0.044063,0.153036,0.050049,0.181548,0.010841,0.153658,0.0082,0.164865,0.006397,0.294031,0.002852,0.078701,0.004045,0.143658,0.008421,0.247621,0.000946,0.044591,0.0,0.095824,0.006497,0.136143,0.006068,0.295833,0.046842,80
receding_horizon_mpc,heldout_combined_contact_uncertainty,7,0.441667,0.047955,0.158921,0.054833,0.181055,0.010605,0.154673,0.007925,0.164731,0.006354,0.293584,0.002702,0.078855,0.004155,0.143732,0.008141,0.247621,0.000946,0.044591,0.0,0.096586,0.006584,0.137459,0.006052,0.258333,0.048585,80
receding_horizon_mpc,heldout_combined_contact_uncertainty,8,0.46875,0.038588,0.183338,0.040859,0.180275,0.010855,0.154098,0.007822,0.164152,0.006409,0.294456,0.002511,0.078775,0.004168,0.143994,0.008304,0.247621,0.000946,0.044591,0.0,0.095577,0.006315,0.13714,0.006056,0.254167,0.050318,80
receding_horizon_mpc,heldout_combined_contact_uncertainty,9,0.452083,0.048687,0.169857,0.052198,0.180473,0.010804,0.154005,0.007607,0.164773,0.006321,0.295007,0.003048,0.07877,0.004004,0.144242,0.00798,0.247621,0.000946,0.044591,0.0,0.095552,0.006564,0.1373,0.005993,0.254167,0.058104,80
learned_failure_classifier,heldout_combined_contact_uncertainty,0,0.4,0.044863,0.142879,0.049631,0.16497,0.009641,0.138218,0.006708,0.155701,0.006007,0.324498,0.002866,0.07495,0.003894,0.133196,0.007282,0.228617,0.000968,0.044388,0.0,0.092439,0.006213,0.130758,0.005829,0.329167,0.054506,80
learned_failure_classifier,heldout_combined_contact_uncertainty,1,0.441667,0.043136,0.183068,0.048511,0.16589,0.009668,0.138024,0.0069,0.156812,0.005684,0.324237,0.002872,0.075085,0.003994,0.132319,0.007346,0.228617,0.000968,0.044388,0.0,0.091459,0.006085,0.131082,0.005861,0.285417,0.049375,80
learned_failure_classifier,heldout_combined_contact_uncertainty,2,0.45,0.045904,0.192335,0.051635,0.165311,0.010012,0.137734,0.006877,0.156488,0.006023,0.325226,0.003017,0.075285,0.003902,0.132065,0.007389,0.228617,0.000968,0.044388,0.0,0.092325,0.00628,0.130635,0.00579,0.28125,0.059431,80
learned_failure_classifier,heldout_combined_contact_uncertainty,3,0.458333,0.0452,0.202191,0.050394,0.164371,0.009777,0.137273,0.006678,0.15606,0.005942,0.325064,0.00311,0.074651,0.003934,0.132103,0.007367,0.228617,0.000968,0.044388,0.0,0.09123,0.006086,0.130656,0.005726,0.279167,0.05506,80
learned_failure_classifier,heldout_combined_contact_uncertainty,4,0.479167,0.047344,0.222899,0.050401,0.165554,0.009802,0.137244,0.006942,0.156587,0.006,0.325612,0.003131,0.074936,0.003731,0.131467,0.007388,0.228617,0.000968,0.044388,0.0,0.09223,0.00591,0.130172,0.0059,0.25625,0.053873,80
learned_failure_classifier,heldout_combined_contact_uncertainty,5,0.445833,0.042216,0.189499,0.044161,0.16547,0.009963,0.137606,0.006716,0.156486,0.005636,0.323294,0.00275,0.074892,0.003797,0.132257,0.007544,0.228617,0.000968,0.044388,0.0,0.092135,0.006094,0.13046,0.005709,0.272917,0.049733,80
learned_failure_classifier,heldout_combined_contact_uncertainty,6,0.48125,0.047564,0.226634,0.049715,0.164703,0.009716,0.137412,0.006933,0.156643,0.005938,0.32603,0.003299,0.074468,0.003941,0.131309,0.007208,0.228617,0.000968,0.044388,0.0,0.091161,0.005957,0.130556,0.005995,0.247917,0.047564,80
learned_failure_classifier,heldout_combined_contact_uncertainty,7,0.447917,0.049852,0.191506,0.053679,0.166234,0.009884,0.137273,0.006941,0.156556,0.005859,0.32367,0.002954,0.07543,0.003834,0.131363,0.007245,0.228617,0.000968,0.044388,0.0,0.091353,0.006092,0.130504,0.005789,0.252083,0.051648,80
learned_failure_classifier,heldout_combined_contact_uncertainty,8,0.441667,0.049,0.184723,0.052595,0.164374,0.009791,0.138511,0.006672,0.15705,0.005847,0.325664,0.00303,0.07457,0.004143,0.131939,0.007216,0.228617,0.000968,0.044388,0.0,0.091521,0.006107,0.130361,0.005761,0.289583,0.049903,80
learned_failure_classifier,heldout_combined_contact_uncertainty,9,0.422917,0.041477,0.165584,0.044512,0.165166,0.009861,0.137961,0.006652,0.156201,0.005958,0.325976,0.003205,0.07477,0.004104,0.131556,0.007436,0.228617,0.000968,0.044388,0.0,0.09163,0.006155,0.130586,0.005664,0.266667,0.052494,80
ensemble_belief_planner,heldout_combined_contact_uncertainty,0,0.477083,0.04783,0.257315,0.053228,0.136203,0.008174,0.111579,0.004964,0.128112,0.004491,0.364219,0.002949,0.068252,0.003406,0.117287,0.006342,0.271074,0.001025,0.042004,0.0,0.083009,0.005154,0.108093,0.004661,0.258333,0.048931,80
ensemble_belief_planner,heldout_combined_contact_uncertainty,1,0.460417,0.044349,0.240376,0.049624,0.136791,0.007983,0.111297,0.005298,0.126424,0.004532,0.364739,0.002717,0.068485,0.003426,0.116272,0.006176,0.271074,0.001025,0.042004,0.0,0.083012,0.005293,0.107814,0.004601,0.272917,0.050742,80
ensemble_belief_planner,heldout_combined_contact_uncertainty,2,0.433333,0.040926,0.212779,0.043558,0.135967,0.008195,0.111184,0.005175,0.12734,0.004497,0.364115,0.002966,0.068961,0.003447,0.116911,0.006446,0.271074,0.001025,0.042004,0.0,0.083665,0.005356,0.107878,0.004521,0.275,0.049343,80
ensemble_belief_planner,heldout_combined_contact_uncertainty,3,0.447917,0.041334,0.227884,0.04452,0.13618,0.008253,0.111383,0.00527,0.128376,0.004545,0.36377,0.003335,0.06861,0.003551,0.11745,0.006149,0.271074,0.001025,0.042004,0.0,0.081966,0.005495,0.108271,0.004588,0.2875,0.054195,80
ensemble_belief_planner,heldout_combined_contact_uncertainty,4,0.45625,0.047475,0.236387,0.052627,0.135904,0.008209,0.111116,0.005271,0.127322,0.004596,0.365714,0.002855,0.069488,0.003399,0.116567,0.006339,0.271074,0.001025,0.042004,0.0,0.083109,0.005398,0.107378,0.004666,0.277083,0.056921,80
ensemble_belief_planner,heldout_combined_contact_uncertainty,5,0.479167,0.046262,0.258293,0.050863,0.135598,0.008116,0.110907,0.005128,0.127574,0.004567,0.364931,0.002385,0.069184,0.00359,0.11784,0.006321,0.271074,0.001025,0.042004,0.0,0.08407,0.005239,0.108419,0.004586,0.25,0.05389,80
ensemble_belief_planner,heldout_combined_contact_uncertainty,6,0.43125,0.04452,0.210582,0.046898,0.136475,0.008081,0.110683,0.00507,0.127659,0.004552,0.363687,0.002844,0.069188,0.003641,0.116768,0.006336,0.271074,0.001025,0.042004,0.0,0.083193,0.005264,0.107185,0.004849,0.289583,0.044539,80
ensemble_belief_planner,heldout_combined_contact_uncertainty,7,0.477083,0.043387,0.256764,0.045956,0.137248,0.008182,0.111286,0.005301,0.127604,0.004499,0.364806,0.002989,0.068173,0.003427,0.117323,0.006293,0.271074,0.001025,0.042004,0.0,0.082849,0.005247,0.10801,0.004611,0.21875,0.04486,80
ensemble_belief_planner,heldout_combined_contact_uncertainty,8,0.520833,0.044399,0.300329,0.048403,0.135489,0.008135,0.111158,0.005256,0.12697,0.004682,0.363565,0.003136,0.068476,0.003431,0.117828,0.006394,0.271074,0.001025,0.042004,0.0,0.083218,0.005394,0.10883,0.004695,0.225,0.052974,80
ensemble_belief_planner,heldout_combined_contact_uncertainty,9,0.470833,0.038448,0.250155,0.039394,0.136867,0.008006,0.110749,0.005142,0.128,0.004382,0.365437,0.002819,0.069292,0.003483,0.116876,0.006156,0.271074,0.001025,0.042004,0.0,0.082426,0.005352,0.107942,0.004746,0.229167,0.048052,80
conformal_risk_tamp,heldout_combined_contact_uncertainty,0,0.425,0.047531,0.18939,0.048334,0.142355,0.009044,0.122553,0.005603,0.134875,0.005349,0.330682,0.003035,0.060998,0.003034,0.12727,0.006789,0.309156,0.001129,0.035711,0.0,0.074358,0.00452,0.11307,0.00536,0.295833,0.055427,80
conformal_risk_tamp,heldout_combined_contact_uncertainty,1,0.414583,0.037207,0.175753,0.039251,0.144463,0.008869,0.122049,0.005819,0.134418,0.005154,0.329547,0.002964,0.061519,0.003118,0.12797,0.007066,0.309156,0.001129,0.035711,0.0,0.074558,0.004501,0.113215,0.005256,0.304167,0.047129,80
conformal_risk_tamp,heldout_combined_contact_uncertainty,2,0.470833,0.048541,0.232871,0.052643,0.143602,0.008782,0.121636,0.005636,0.134937,0.005144,0.330626,0.003129,0.061059,0.002969,0.127812,0.006764,0.309156,0.001129,0.035711,0.0,0.074992,0.004496,0.112975,0.005108,0.254167,0.053568,80
conformal_risk_tamp,heldout_combined_contact_uncertainty,3,0.425,0.041459,0.187833,0.047066,0.143905,0.008717,0.122514,0.005729,0.135089,0.005202,0.331477,0.002577,0.061153,0.002884,0.126824,0.006836,0.309156,0.001129,0.035711,0.0,0.075134,0.004372,0.112947,0.005211,0.310417,0.05286,80
conformal_risk_tamp,heldout_combined_contact_uncertainty,4,0.445833,0.042614,0.207552,0.048724,0.143643,0.008628,0.12196,0.005642,0.135114,0.00538,0.328253,0.002497,0.0616,0.002986,0.126779,0.006901,0.309156,0.001129,0.035711,0.0,0.075009,0.004552,0.112625,0.005051,0.291667,0.053733,80
conformal_risk_tamp,heldout_combined_contact_uncertainty,5,0.439583,0.041599,0.201657,0.043796,0.142997,0.008771,0.121226,0.005816,0.134144,0.005117,0.330147,0.002992,0.061462,0.003106,0.127968,0.007343,0.309156,0.001129,0.035711,0.0,0.074824,0.004513,0.113696,0.005338,0.272917,0.050408,80
conformal_risk_tamp,heldout_combined_contact_uncertainty,6,0.402083,0.041375,0.163917,0.043965,0.143919,0.008976,0.121967,0.005687,0.135597,0.005332,0.329583,0.003107,0.060922,0.002784,0.127254,0.006929,0.309156,0.001129,0.035711,0.0,0.075218,0.004679,0.112684,0.005177,0.322917,0.050441,80
conformal_risk_tamp,heldout_combined_contact_uncertainty,7,0.435417,0.041293,0.197648,0.043308,0.14379,0.00896,0.121716,0.005718,0.135387,0.005105,0.331379,0.002834,0.061255,0.002968,0.126983,0.007103,0.309156,0.001129,0.035711,0.0,0.075072,0.00429,0.112716,0.005158,0.266667,0.048131,80
conformal_risk_tamp,heldout_combined_contact_uncertainty,8,0.45,0.044027,0.212566,0.046478,0.143617,0.008751,0.121906,0.005938,0.134674,0.005223,0.329315,0.002642,0.061284,0.00263,0.127841,0.006835,0.309156,0.001129,0.035711,0.0,0.074629,0.004367,0.113068,0.005317,0.270833,0.050785,80
conformal_risk_tamp,heldout_combined_contact_uncertainty,9,0.410417,0.046104,0.174455,0.050313,0.142049,0.008727,0.122151,0.00575,0.134753,0.005167,0.331804,0.002807,0.061463,0.002984,0.126661,0.006836,0.309156,0.001129,0.035711,0.0,0.075558,0.004482,0.112957,0.005302,0.2875,0.055731,80
smooth_precondition_world_model,heldout_combined_contact_uncertainty,0,0.452083,0.046195,0.17784,0.05158,0.181035,0.010748,0.148173,0.007341,0.161329,0.006189,0.292927,0.00283,0.077851,0.004183,0.139607,0.00773,0.213498,0.000935,0.041055,0.0,0.096532,0.006607,0.134567,0.00598,0.28125,0.056219,80
smooth_precondition_world_model,heldout_combined_contact_uncertainty,1,0.452083,0.043948,0.177204,0.048485,0.179159,0.010588,0.148346,0.007351,0.160683,0.006055,0.29238,0.002658,0.078391,0.004002,0.139133,0.007949,0.213498,0.000935,0.041055,0.0,0.096041,0.006707,0.133859,0.005912,0.2875,0.050652,80
smooth_precondition_world_model,heldout_combined_contact_uncertainty,2,0.452083,0.052363,0.179255,0.05656,0.180495,0.010717,0.147638,0.007369,0.16013,0.006115,0.293936,0.003155,0.078122,0.004177,0.139437,0.007829,0.213498,0.000935,0.041055,0.0,0.096394,0.006776,0.133805,0.00591,0.26875,0.054045,80
smooth_precondition_world_model,heldout_combined_contact_uncertainty,3,0.470833,0.045674,0.195183,0.051775,0.180703,0.010832,0.147873,0.007382,0.160642,0.006148,0.293783,0.002881,0.078026,0.004078,0.140625,0.007698,0.213498,0.000935,0.041055,0.0,0.095887,0.006652,0.133138,0.005923,0.275,0.05516,80
smooth_precondition_world_model,heldout_combined_contact_uncertainty,4,0.44375,0.045366,0.172165,0.05075,0.179541,0.010826,0.14731,0.007308,0.160721,0.006163,0.295116,0.002722,0.077992,0.004074,0.138356,0.007945,0.213498,0.000935,0.041055,0.0,0.095705,0.006649,0.133721,0.00602,0.295833,0.053568,80
smooth_precondition_world_model,heldout_combined_contact_uncertainty,5,0.429167,0.048541,0.158593,0.0532,0.179321,0.010471,0.14704,0.00735,0.160793,0.006096,0.293762,0.002622,0.077967,0.004063,0.139443,0.007839,0.213498,0.000935,0.041055,0.0,0.096477,0.006606,0.134288,0.005849,0.285417,0.057877,80
smooth_precondition_world_model,heldout_combined_contact_uncertainty,6,0.439583,0.043581,0.167331,0.047516,0.179879,0.010715,0.148066,0.007459,0.160655,0.006251,0.296109,0.002737,0.078136,0.003892,0.139127,0.007721,0.213498,0.000935,0.041055,0.0,0.095785,0.006611,0.133066,0.005872,0.275,0.04505,80
smooth_precondition_world_model,heldout_combined_contact_uncertainty,7,0.420833,0.051968,0.147796,0.058034,0.18014,0.010436,0.148832,0.007392,0.160889,0.00607,0.294267,0.002936,0.078193,0.004019,0.138768,0.007675,0.213498,0.000935,0.041055,0.0,0.096642,0.006632,0.134339,0.006051,0.28125,0.052169,80
smooth_precondition_world_model,heldout_combined_contact_uncertainty,8,0.495833,0.050984,0.221131,0.054392,0.180027,0.010739,0.148204,0.007281,0.160617,0.006143,0.294353,0.002918,0.078383,0.00419,0.139108,0.007843,0.213498,0.000935,0.041055,0.0,0.096313,0.006616,0.133884,0.005878,0.24375,0.055112,80
smooth_precondition_world_model,heldout_combined_contact_uncertainty,9,0.429167,0.045303,0.153312,0.05116,0.180642,0.01063,0.148704,0.007568,0.160922,0.006165,0.293308,0.002904,0.07857,0.004168,0.138243,0.007788,0.213498,0.000935,0.041055,0.0,0.096488,0.006575,0.134341,0.006052,0.266667,0.05086,80
contact_implicit_tamp,heldout_combined_contact_uncertainty,0,0.495833,0.041895,0.271507,0.045139,0.134128,0.00812,0.124037,0.005963,0.139737,0.004977,0.365525,0.003228,0.065416,0.003104,0.116347,0.006425,0.287944,0.001025,0.04339,0.0,0.080491,0.005001,0.114521,0.004681,0.239583,0.048216,80
contact_implicit_tamp,heldout_combined_contact_uncertainty,1,0.491667,0.045349,0.265977,0.047764,0.135612,0.008105,0.123825,0.00611,0.139075,0.004838,0.36792,0.002876,0.065442,0.003151,0.118684,0.006309,0.287944,0.001025,0.04339,0.0,0.08064,0.005128,0.115051,0.004535,0.241667,0.048585,80
contact_implicit_tamp,heldout_combined_contact_uncertainty,2,0.466667,0.044787,0.241405,0.050113,0.13579,0.008143,0.123446,0.006005,0.139283,0.004759,0.368396,0.003245,0.065137,0.003167,0.117652,0.006048,0.287944,0.001025,0.04339,0.0,0.080547,0.005014,0.115667,0.004679,0.252083,0.051648,80
contact_implicit_tamp,heldout_combined_contact_uncertainty,3,0.48125,0.047564,0.257477,0.048057,0.13423,0.008098,0.123746,0.006194,0.138847,0.004846,0.366139,0.002874,0.064903,0.003092,0.117969,0.006274,0.287944,0.001025,0.04339,0.0,0.080188,0.004992,0.115196,0.004597,0.264583,0.053163,80
contact_implicit_tamp,heldout_combined_contact_uncertainty,4,0.485417,0.048339,0.261083,0.053008,0.13489,0.008003,0.124163,0.006098,0.139953,0.004975,0.366347,0.002436,0.065378,0.003006,0.117406,0.00627,0.287944,0.001025,0.04339,0.0,0.079487,0.004951,0.114175,0.004742,0.266667,0.053765,80
contact_implicit_tamp,heldout_combined_contact_uncertainty,5,0.475,0.049343,0.250275,0.052596,0.135998,0.007953,0.124329,0.006138,0.139213,0.004992,0.367917,0.002806,0.066334,0.003225,0.117687,0.006227,0.287944,0.001025,0.04339,0.0,0.079744,0.005221,0.115467,0.004843,0.254167,0.048957,80
contact_implicit_tamp,heldout_combined_contact_uncertainty,6,0.4625,0.047911,0.236876,0.050816,0.135986,0.008015,0.124798,0.006133,0.139539,0.004935,0.366977,0.002555,0.064837,0.003212,0.117744,0.006197,0.287944,0.001025,0.04339,0.0,0.080483,0.005147,0.11538,0.004775,0.266667,0.050527,80
contact_implicit_tamp,heldout_combined_contact_uncertainty,7,0.475,0.043136,0.248427,0.047108,0.136186,0.007973,0.124617,0.0059,0.138987,0.005111,0.367344,0.002672,0.066387,0.003196,0.119699,0.006202,0.287944,0.001025,0.04339,0.0,0.080012,0.004988,0.11478,0.004635,0.227083,0.043192,80
contact_implicit_tamp,heldout_combined_contact_uncertainty,8,0.477083,0.045662,0.251428,0.046632,0.136338,0.00808,0.124019,0.005912,0.138954,0.005042,0.366448,0.00313,0.065981,0.003279,0.118578,0.006244,0.287944,0.001025,0.04339,0.0,0.080435,0.005087,0.115817,0.004879,0.254167,0.052934,80
contact_implicit_tamp,heldout_combined_contact_uncertainty,9,0.45,0.042465,0.225885,0.046249,0.135071,0.008259,0.123353,0.005961,0.139202,0.005122,0.367582,0.002865,0.065095,0.00314,0.118459,0.006265,0.287944,0.001025,0.04339,0.0,0.079678,0.004964,0.115216,0.004681,0.23125,0.047386,80
contingent_pomdp_tamp,heldout_combined_contact_uncertainty,0,0.508333,0.048236,0.325503,0.052232,0.111956,0.006904,0.102328,0.004757,0.118689,0.003722,0.427397,0.002964,0.058852,0.002682,0.100539,0.004913,0.296327,0.001071,0.045928,0.0,0.070583,0.004097,0.096834,0.003723,0.235417,0.056846,80
contingent_pomdp_tamp,heldout_combined_contact_uncertainty,1,0.495833,0.039829,0.312564,0.04227,0.112509,0.006899,0.10208,0.004835,0.117728,0.003676,0.428359,0.002732,0.059083,0.002759,0.10081,0.004869,0.296327,0.001071,0.045928,0.0,0.070739,0.004055,0.097741,0.003621,0.245833,0.050984,80
contingent_pomdp_tamp,heldout_combined_contact_uncertainty,2,0.466667,0.042861,0.282762,0.043727,0.113145,0.006785,0.102095,0.004734,0.118479,0.003827,0.42679,0.002855,0.058787,0.002589,0.101052,0.004705,0.296327,0.001071,0.045928,0.0,0.070835,0.004026,0.097558,0.003683,0.254167,0.051642,80
contingent_pomdp_tamp,heldout_combined_contact_uncertainty,3,0.497917,0.0417,0.314464,0.044103,0.113127,0.006887,0.10188,0.004723,0.11816,0.003837,0.427518,0.002755,0.059069,0.002656,0.100138,0.00472,0.296327,0.001071,0.045928,0.0,0.070443,0.0041,0.097812,0.003477,0.254167,0.046115,80
contingent_pomdp_tamp,heldout_combined_contact_uncertainty,4,0.516667,0.047424,0.332904,0.050002,0.113839,0.006827,0.102647,0.004627,0.118572,0.003597,0.425945,0.003128,0.058927,0.002911,0.099481,0.004757,0.296327,0.001071,0.045928,0.0,0.070275,0.004155,0.097068,0.003556,0.229167,0.050116,80
contingent_pomdp_tamp,heldout_combined_contact_uncertainty,5,0.547917,0.04117,0.364409,0.043852,0.113088,0.006979,0.102901,0.004525,0.117648,0.003768,0.423841,0.002825,0.058203,0.002523,0.100322,0.004752,0.296327,0.001071,0.045928,0.0,0.069864,0.00412,0.0973,0.003659,0.183333,0.044485,80
contingent_pomdp_tamp,heldout_combined_contact_uncertainty,6,0.510417,0.049084,0.326862,0.050698,0.113522,0.006995,0.102645,0.004615,0.117692,0.003722,0.426863,0.00308,0.059375,0.002668,0.099343,0.004889,0.296327,0.001071,0.045928,0.0,0.069996,0.004096,0.097681,0.003792,0.235417,0.047812,80
contingent_pomdp_tamp,heldout_combined_contact_uncertainty,7,0.4625,0.043477,0.279906,0.045593,0.112826,0.007063,0.102352,0.004807,0.118284,0.003701,0.427322,0.003184,0.058483,0.002734,0.099206,0.004787,0.296327,0.001071,0.045928,0.0,0.070384,0.0043,0.097061,0.003624,0.235417,0.050223,80
contingent_pomdp_tamp,heldout_combined_contact_uncertainty,8,0.5125,0.044928,0.328634,0.045202,0.113663,0.006886,0.102026,0.004652,0.117267,0.003874,0.427218,0.003287,0.059085,0.002671,0.100278,0.004989,0.296327,0.001071,0.045928,0.0,0.070799,0.00422,0.097763,0.00362,0.225,0.052333,80
contingent_pomdp_tamp,heldout_combined_contact_uncertainty,9,0.522917,0.044158,0.338748,0.046764,0.11352,0.006845,0.102886,0.00485,0.118959,0.003702,0.426325,0.003009,0.059285,0.002665,0.100046,0.004763,0.296327,0.001071,0.045928,0.0,0.07066,0.004034,0.097458,0.003527,0.195833,0.044551,80
risk_aware_tamp,heldout_combined_contact_uncertainty,0,0.45,0.044787,0.257582,0.048088,0.115849,0.007366,0.106102,0.005031,0.120962,0.004234,0.394987,0.003327,0.049719,0.002097,0.106901,0.005525,0.328206,0.001165,0.040025,0.0,0.061163,0.00327,0.09962,0.004077,0.285417,0.052039,80
risk_aware_tamp,heldout_combined_contact_uncertainty,1,0.50625,0.04327,0.313911,0.044629,0.116456,0.00712,0.10611,0.004989,0.12077,0.004121,0.394765,0.002806,0.048719,0.002055,0.106662,0.00516,0.328206,0.001165,0.040025,0.0,0.061691,0.003106,0.099693,0.004097,0.227083,0.044728,80
risk_aware_tamp,heldout_combined_contact_uncertainty,2,0.49375,0.044425,0.301676,0.046278,0.116106,0.007238,0.106478,0.004858,0.119983,0.004004,0.395446,0.002976,0.048828,0.002121,0.107283,0.005147,0.328206,0.001165,0.040025,0.0,0.061031,0.00335,0.099647,0.00433,0.23125,0.04329,80
risk_aware_tamp,heldout_combined_contact_uncertainty,3,0.5,0.046851,0.307242,0.049706,0.117152,0.007269,0.10652,0.004993,0.121318,0.00426,0.394666,0.002984,0.048651,0.002018,0.106434,0.005305,0.328206,0.001165,0.040025,0.0,0.06241,0.003202,0.099125,0.004,0.25625,0.052282,80
risk_aware_tamp,heldout_combined_contact_uncertainty,4,0.5375,0.047201,0.345322,0.051348,0.116028,0.007147,0.106706,0.004864,0.121431,0.00424,0.394097,0.002629,0.048771,0.001993,0.105892,0.005238,0.328206,0.001165,0.040025,0.0,0.061854,0.003061,0.100099,0.003928,0.220833,0.050918,80
risk_aware_tamp,heldout_combined_contact_uncertainty,5,0.464583,0.048164,0.271802,0.050644,0.11655,0.007275,0.107495,0.004874,0.120304,0.004172,0.395265,0.003116,0.049309,0.001754,0.107637,0.005212,0.328206,0.001165,0.040025,0.0,0.060896,0.003279,0.09975,0.004003,0.25625,0.052282,80
risk_aware_tamp,heldout_combined_contact_uncertainty,6,0.514583,0.037747,0.321806,0.040555,0.116867,0.007403,0.106648,0.004918,0.121012,0.004249,0.3949,0.002998,0.048823,0.00195,0.106674,0.00526,0.328206,0.001165,0.040025,0.0,0.061392,0.00308,0.100456,0.004012,0.216667,0.044787,80
risk_aware_tamp,heldout_combined_contact_uncertainty,7,0.491667,0.040219,0.29949,0.043025,0.115723,0.007196,0.106514,0.004881,0.120858,0.004309,0.395281,0.003271,0.048939,0.002009,0.107012,0.005265,0.328206,0.001165,0.040025,0.0,0.061915,0.003184,0.099544,0.004067,0.214583,0.043172,80
risk_aware_tamp,heldout_combined_contact_uncertainty,8,0.50625,0.047723,0.313298,0.050049,0.116139,0.007232,0.106659,0.005037,0.120706,0.004166,0.393832,0.002571,0.050188,0.001988,0.106977,0.005289,0.328206,0.001165,0.040025,0.0,0.061642,0.003171,0.099004,0.004175,0.220833,0.044928,80
risk_aware_tamp,heldout_combined_contact_uncertainty,9,0.489583,0.045142,0.297375,0.04651,0.116745,0.007249,0.106488,0.005005,0.120463,0.004149,0.39695,0.003035,0.047835,0.001987,0.107753,0.005191,0.328206,0.001165,0.040025,0.0,0.062205,0.003299,0.099594,0.00419,0.2125,0.047911,80
learned_contact_belief_state,heldout_combined_contact_uncertainty,0,0.535417,0.042976,0.372131,0.042846,0.101595,0.005985,0.085243,0.003624,0.106257,0.003393,0.433293,0.002705,0.059925,0.002858,0.093857,0.004676,0.26126,0.001048,0.044152,0.0,0.074223,0.004374,0.090229,0.00361,0.214583,0.045086,80
learned_contact_belief_state,heldout_combined_contact_uncertainty,1,0.5125,0.043786,0.349736,0.046458,0.100899,0.005912,0.084917,0.003493,0.106552,0.003196,0.431812,0.002964,0.060074,0.002691,0.092983,0.004581,0.26126,0.001048,0.044152,0.0,0.073569,0.004261,0.090388,0.003497,0.214583,0.045828,80
learned_contact_belief_state,heldout_combined_contact_uncertainty,2,0.529167,0.046407,0.366384,0.049056,0.101407,0.006236,0.08487,0.00357,0.10638,0.003313,0.430826,0.002805,0.05937,0.002746,0.093419,0.004325,0.26126,0.001048,0.044152,0.0,0.073223,0.004504,0.089851,0.003422,0.2,0.045904,80
learned_contact_belief_state,heldout_combined_contact_uncertainty,3,0.508333,0.051944,0.346382,0.054768,0.100116,0.00591,0.084945,0.00341,0.105807,0.003243,0.431953,0.002468,0.059531,0.002914,0.09319,0.004539,0.26126,0.001048,0.044152,0.0,0.073768,0.00455,0.089773,0.00349,0.260417,0.050941,80
learned_contact_belief_state,heldout_combined_contact_uncertainty,4,0.525,0.041541,0.362916,0.044057,0.100835,0.005994,0.084474,0.00359,0.107265,0.003006,0.434035,0.003141,0.059921,0.002745,0.092344,0.00463,0.26126,0.001048,0.044152,0.0,0.073614,0.004313,0.090386,0.003203,0.220833,0.04677,80
learned_contact_belief_state,heldout_combined_contact_uncertainty,5,0.516667,0.045978,0.354842,0.048378,0.100214,0.005823,0.084861,0.003493,0.107104,0.003291,0.432972,0.002831,0.059745,0.002707,0.092104,0.004443,0.26126,0.001048,0.044152,0.0,0.073594,0.004518,0.090623,0.003474,0.225,0.051683,80
learned_contact_belief_state,heldout_combined_contact_uncertainty,6,0.547917,0.046559,0.386395,0.047208,0.099973,0.005914,0.085485,0.003575,0.105899,0.003128,0.433209,0.002843,0.058615,0.002708,0.093507,0.004368,0.26126,0.001048,0.044152,0.0,0.073907,0.004574,0.090189,0.003384,0.210417,0.04783,80
learned_contact_belief_state,heldout_combined_contact_uncertainty,7,0.49375,0.047368,0.330714,0.050566,0.101035,0.005955,0.084348,0.00349,0.107717,0.003232,0.429971,0.002779,0.059466,0.002801,0.09364,0.004503,0.26126,0.001048,0.044152,0.0,0.073121,0.004364,0.09042,0.003366,0.21875,0.047777,80
learned_contact_belief_state,heldout_combined_contact_uncertainty,8,0.508333,0.051618,0.345695,0.053391,0.100951,0.006116,0.084641,0.003537,0.107008,0.003248,0.431693,0.003114,0.059752,0.002845,0.093494,0.0045,0.26126,0.001048,0.044152,0.0,0.072834,0.004579,0.090301,0.003426,0.225,0.053922,80
learned_contact_belief_state,heldout_combined_contact_uncertainty,9,0.522917,0.046758,0.360611,0.049707,0.100712,0.006097,0.08514,0.003544,0.106741,0.003292,0.433332,0.002955,0.060173,0.002776,0.092949,0.004641,0.26126,0.001048,0.044152,0.0,0.073341,0.004385,0.089799,0.00327,0.210417,0.047475,80
damage_aware_planner,heldout_combined_contact_uncertainty,0,0.491667,0.042663,0.285826,0.043553,0.130144,0.008146,0.115104,0.005236,0.129036,0.004589,0.374116,0.003047,0.044883,0.001786,0.111872,0.005708,0.323479,0.001141,0.039838,0.0,0.061964,0.003318,0.105356,0.004285,0.254167,0.054195,80
damage_aware_planner,heldout_combined_contact_uncertainty,1,0.485417,0.046195,0.279568,0.047884,0.128945,0.008061,0.11483,0.00557,0.129561,0.004637,0.370603,0.003223,0.04534,0.001882,0.111382,0.005704,0.323479,0.001141,0.039838,0.0,0.061334,0.003257,0.106122,0.004418,0.2625,0.047841,80
damage_aware_planner,heldout_combined_contact_uncertainty,2,0.429167,0.047486,0.223196,0.048172,0.129545,0.008045,0.115284,0.005338,0.128773,0.004743,0.37213,0.00273,0.045116,0.001681,0.110875,0.005814,0.323479,0.001141,0.039838,0.0,0.062372,0.003221,0.1066,0.004629,0.272917,0.052379,80
damage_aware_planner,heldout_combined_contact_uncertainty,3,0.477083,0.047118,0.271662,0.049114,0.129083,0.007797,0.115518,0.005368,0.128257,0.004713,0.374617,0.003148,0.045252,0.001947,0.112213,0.005565,0.323479,0.001141,0.039838,0.0,0.061745,0.003428,0.10555,0.004466,0.279167,0.049574,80
damage_aware_planner,heldout_combined_contact_uncertainty,4,0.46875,0.040717,0.263422,0.042469,0.130074,0.008118,0.115573,0.005355,0.128972,0.004833,0.373411,0.003006,0.044305,0.001654,0.111252,0.00564,0.323479,0.001141,0.039838,0.0,0.062066,0.003183,0.106066,0.004443,0.26875,0.052137,80
damage_aware_planner,heldout_combined_contact_uncertainty,5,0.460417,0.041191,0.255198,0.042054,0.128671,0.008087,0.115551,0.005213,0.128252,0.004629,0.373283,0.002658,0.045521,0.001702,0.111297,0.005583,0.323479,0.001141,0.039838,0.0,0.061292,0.003386,0.106079,0.004277,0.260417,0.049597,80
damage_aware_planner,heldout_combined_contact_uncertainty,6,0.495833,0.049642,0.289995,0.052171,0.129276,0.008019,0.115472,0.005501,0.128481,0.004622,0.373833,0.002873,0.045303,0.001647,0.112165,0.005584,0.323479,0.001141,0.039838,0.0,0.061607,0.003366,0.106535,0.004269,0.239583,0.048912,80
damage_aware_planner,heldout_combined_contact_uncertainty,7,0.4625,0.041081,0.257149,0.044541,0.128856,0.007955,0.115707,0.00552,0.129319,0.004673,0.37186,0.003168,0.044874,0.001684,0.111,0.005605,0.323479,0.001141,0.039838,0.0,0.061385,0.003261,0.106293,0.004391,0.233333,0.045237,80
damage_aware_planner,heldout_combined_contact_uncertainty,8,0.479167,0.044399,0.274141,0.046458,0.129086,0.007981,0.114845,0.0053,0.129018,0.0047,0.373294,0.002873,0.045202,0.001749,0.111965,0.00572,0.323479,0.001141,0.039838,0.0,0.061191,0.003081,0.106172,0.004407,0.245833,0.049642,80
damage_aware_planner,heldout_combined_contact_uncertainty,9,0.527083,0.04592,0.321245,0.047453,0.129099,0.008028,0.11532,0.005538,0.128801,0.004669,0.373414,0.002639,0.04514,0.001751,0.111803,0.005805,0.323479,0.001141,0.039838,0.0,0.062355,0.003256,0.106518,0.004343,0.195833,0.047486,80
proposed_contact_belief_tamp_v4,heldout_combined_contact_uncertainty,0,0.56875,0.045272,0.473487,0.046084,0.062979,0.003866,0.068255,0.002879,0.097825,0.002517,0.518297,0.002991,0.04451,0.001637,0.072487,0.003114,0.215839,0.001083,0.048264,0.0,0.061153,0.003226,0.08068,0.002558,0.189583,0.046758,80
proposed_contact_belief_tamp_v4,heldout_combined_contact_uncertainty,1,0.575,0.046088,0.477954,0.047488,0.063425,0.003879,0.069044,0.002707,0.098582,0.002732,0.515946,0.002984,0.04528,0.001829,0.073711,0.003124,0.215839,0.001083,0.048264,0.0,0.061632,0.003184,0.080631,0.002545,0.179167,0.042614,80
proposed_contact_belief_tamp_v4,heldout_combined_contact_uncertainty,2,0.55625,0.039815,0.459129,0.040125,0.063014,0.003915,0.068944,0.002949,0.097445,0.00275,0.51759,0.002874,0.046239,0.001847,0.074188,0.003233,0.215839,0.001083,0.048264,0.0,0.061353,0.003303,0.081365,0.002631,0.177083,0.043231,80
proposed_contact_belief_tamp_v4,heldout_combined_contact_uncertainty,3,0.53125,0.04274,0.434453,0.042801,0.063884,0.003982,0.067753,0.002655,0.097909,0.002887,0.517726,0.003154,0.045696,0.001734,0.072831,0.002871,0.215839,0.001083,0.048264,0.0,0.061917,0.003327,0.081016,0.002643,0.216667,0.046995,80
proposed_contact_belief_tamp_v4,heldout_combined_contact_uncertainty,4,0.566667,0.040926,0.471413,0.041908,0.061826,0.004088,0.068093,0.002751,0.09822,0.002714,0.517086,0.002998,0.044569,0.001853,0.0729,0.003005,0.215839,0.001083,0.048264,0.0,0.062208,0.003271,0.080342,0.002639,0.191667,0.049343,80
proposed_contact_belief_tamp_v4,heldout_combined_contact_uncertainty,5,0.55625,0.044615,0.460266,0.045437,0.062555,0.003879,0.067297,0.00274,0.09788,0.002805,0.516628,0.003155,0.045116,0.001724,0.073168,0.002743,0.215839,0.001083,0.048264,0.0,0.0622,0.003347,0.080477,0.002588,0.191667,0.046161,80
proposed_contact_belief_tamp_v4,heldout_combined_contact_uncertainty,6,0.566667,0.042146,0.470207,0.042448,0.063062,0.004001,0.068179,0.00285,0.098726,0.002769,0.517673,0.002685,0.044907,0.001728,0.074201,0.003044,0.215839,0.001083,0.048264,0.0,0.061458,0.003099,0.080909,0.002593,0.185417,0.045755,80
proposed_contact_belief_tamp_v4,heldout_combined_contact_uncertainty,7,0.527083,0.047011,0.430322,0.047291,0.062514,0.004101,0.068229,0.002599,0.097636,0.002841,0.515943,0.003187,0.045868,0.001779,0.073631,0.002874,0.215839,0.001083,0.048264,0.0,0.062526,0.003194,0.080291,0.002531,0.197917,0.048652,80
proposed_contact_belief_tamp_v4,heldout_combined_contact_uncertainty,8,0.55625,0.043851,0.459845,0.045111,0.062669,0.004072,0.067807,0.002755,0.097373,0.002775,0.51561,0.003326,0.045236,0.001636,0.073935,0.002905,0.215839,0.001083,0.048264,0.0,0.061547,0.003389,0.080571,0.002664,0.185417,0.047918,80
proposed_contact_belief_tamp_v4,heldout_combined_contact_uncertainty,9,0.59375,0.042641,0.497696,0.043901,0.061976,0.003978,0.06792,0.002731,0.098243,0.00295,0.517619,0.003062,0.045538,0.001771,0.072953,0.003037,0.215839,0.001083,0.048264,0.0,0.062038,0.00328,0.082105,0.002767,0.139583,0.040862,80
contact_belief_branch_audit_v5,heldout_combined_contact_uncertainty,0,0.63125,0.047457,0.613704,0.048049,0.01873,0.00216,0.025319,0.001708,0.056845,0.001415,0.575314,0.003021,0.025584,0.001136,0.045871,0.001857,0.223011,0.001189,0.044707,0.0,0.033992,0.001793,0.043624,0.001485,0.15625,0.041232,80
contact_belief_branch_audit_v5,heldout_combined_contact_uncertainty,1,0.633333,0.043642,0.615456,0.043709,0.018032,0.002162,0.026316,0.001574,0.057309,0.001363,0.575256,0.002905,0.025755,0.00125,0.047404,0.002131,0.223011,0.001189,0.044707,0.0,0.03386,0.001754,0.043242,0.001311,0.1375,0.040998,80
contact_belief_branch_audit_v5,heldout_combined_contact_uncertainty,2,0.641667,0.044294,0.623459,0.044573,0.018987,0.002135,0.025527,0.001595,0.056756,0.001353,0.574651,0.002604,0.025549,0.001182,0.047225,0.001881,0.223011,0.001189,0.044707,0.0,0.033866,0.001792,0.043415,0.001548,0.1375,0.038885,80
contact_belief_branch_audit_v5,heldout_combined_contact_uncertainty,3,0.629167,0.045748,0.611233,0.045511,0.018916,0.002193,0.025273,0.001391,0.057104,0.001523,0.577554,0.003229,0.02584,0.001108,0.047579,0.001906,0.223011,0.001189,0.044707,0.0,0.033756,0.00194,0.043447,0.001299,0.15625,0.045884,80
contact_belief_branch_audit_v5,heldout_combined_contact_uncertainty,4,0.625,0.042106,0.607836,0.042644,0.017991,0.00209,0.026432,0.001403,0.056629,0.001304,0.575925,0.002806,0.024423,0.001024,0.047315,0.001717,0.223011,0.001189,0.044707,0.0,0.034444,0.001897,0.043382,0.001376,0.158333,0.043448,80
contact_belief_branch_audit_v5,heldout_combined_contact_uncertainty,5,0.629167,0.044627,0.61229,0.044284,0.018414,0.002188,0.025827,0.001713,0.057008,0.001294,0.577124,0.003056,0.025123,0.001087,0.046242,0.001853,0.223011,0.001189,0.044707,0.0,0.033003,0.001626,0.044062,0.001436,0.147917,0.042303,80
contact_belief_branch_audit_v5,heldout_combined_contact_uncertainty,6,0.6375,0.040166,0.619838,0.040644,0.019003,0.002058,0.026195,0.001645,0.056928,0.001477,0.574636,0.002814,0.02475,0.001081,0.046803,0.001833,0.223011,0.001189,0.044707,0.0,0.033495,0.001776,0.043353,0.001573,0.1375,0.039317,80
contact_belief_branch_audit_v5,heldout_combined_contact_uncertainty,7,0.635417,0.041538,0.617119,0.042611,0.019528,0.002158,0.026488,0.001625,0.056941,0.001452,0.575586,0.002954,0.025593,0.001269,0.04653,0.001688,0.223011,0.001189,0.044707,0.0,0.033604,0.001825,0.043907,0.001559,0.10625,0.036404,80
contact_belief_branch_audit_v5,heldout_combined_contact_uncertainty,8,0.610417,0.044615,0.593003,0.044883,0.018204,0.002064,0.025891,0.001583,0.057167,0.001334,0.576973,0.003093,0.025869,0.000996,0.046378,0.001733,0.223011,0.001189,0.044707,0.0,0.033993,0.001935,0.043629,0.001319,0.15625,0.042839,80
contact_belief_branch_audit_v5,heldout_combined_contact_uncertainty,9,0.627083,0.043967,0.609925,0.043893,0.017528,0.001978,0.025442,0.001624,0.056471,0.001445,0.574509,0.002808,0.025037,0.001191,0.046975,0.001794,0.223011,0.001189,0.044707,0.0,0.034689,0.001741,0.042927,0.00138,0.133333,0.039584,80
oracle_contact_outcome_planner,heldout_combined_contact_uncertainty,0,0.689583,0.038871,0.661901,0.039174,0.021884,0.001801,0.044072,0.00116,0.063893,0.001187,0.574082,0.002713,0.033974,0.001081,0.049323,0.001744,0.201315,0.001201,0.040973,0.0,0.042888,0.00143,0.051257,0.001047,0.114583,0.037025,80
oracle_contact_outcome_planner,heldout_combined_contact_uncertainty,1,0.65625,0.044766,0.628135,0.044837,0.021927,0.001921,0.044565,0.001202,0.063928,0.001068,0.575389,0.002652,0.034147,0.00108,0.050082,0.001178,0.201315,0.001201,0.040973,0.0,0.042443,0.001478,0.052795,0.001211,0.139583,0.040027,80
oracle_contact_outcome_planner,heldout_combined_contact_uncertainty,2,0.627083,0.044349,0.59912,0.044313,0.021284,0.001966,0.044159,0.001247,0.064524,0.001148,0.575411,0.002695,0.034755,0.001109,0.050391,0.001264,0.201315,0.001201,0.040973,0.0,0.042116,0.001522,0.052126,0.001082,0.135417,0.039879,80
oracle_contact_outcome_planner,heldout_combined_contact_uncertainty,3,0.660417,0.039603,0.632271,0.039655,0.023275,0.001762,0.044167,0.001162,0.063462,0.001257,0.575521,0.002789,0.03412,0.001257,0.049505,0.001502,0.201315,0.001201,0.040973,0.0,0.041682,0.001502,0.052065,0.001151,0.15,0.042545,80
oracle_contact_outcome_planner,heldout_combined_contact_uncertainty,4,0.65625,0.044005,0.628528,0.044353,0.022513,0.001785,0.043665,0.00125,0.063549,0.001185,0.576033,0.00277,0.03398,0.00107,0.050309,0.001422,0.201315,0.001201,0.040973,0.0,0.04163,0.001705,0.05174,0.001201,0.14375,0.043774,80
oracle_contact_outcome_planner,heldout_combined_contact_uncertainty,5,0.6625,0.042296,0.635532,0.042474,0.021428,0.001928,0.04375,0.001055,0.063837,0.001028,0.576714,0.002721,0.033516,0.000993,0.049774,0.001318,0.201315,0.001201,0.040973,0.0,0.042547,0.001529,0.052166,0.000987,0.13125,0.040551,80
oracle_contact_outcome_planner,heldout_combined_contact_uncertainty,6,0.65625,0.035984,0.62904,0.036225,0.021731,0.001575,0.043902,0.001267,0.063392,0.001163,0.575784,0.002751,0.033317,0.001053,0.049647,0.001368,0.201315,0.001201,0.040973,0.0,0.0431,0.00169,0.051913,0.001049,0.114583,0.032663,80
oracle_contact_outcome_planner,heldout_combined_contact_uncertainty,7,0.670833,0.040668,0.642473,0.040336,0.021936,0.00153,0.044152,0.001226,0.063927,0.001106,0.573583,0.002543,0.034623,0.001112,0.050432,0.001593,0.201315,0.001201,0.040973,0.0,0.042057,0.001425,0.051496,0.001154,0.089583,0.029599,80
oracle_contact_outcome_planner,heldout_combined_contact_uncertainty,8,0.69375,0.047723,0.666751,0.048325,0.021524,0.001794,0.044492,0.001149,0.064516,0.001232,0.576652,0.003015,0.034015,0.0012,0.048992,0.001407,0.201315,0.001201,0.040973,0.0,0.042339,0.00155,0.051583,0.001187,0.108333,0.032924,80
oracle_contact_outcome_planner,heldout_combined_contact_uncertainty,9,0.677083,0.039131,0.648893,0.039406,0.022189,0.001679,0.044133,0.001123,0.063865,0.001101,0.574038,0.002441,0.034327,0.001205,0.04935,0.001517,0.201315,0.001201,0.040973,0.0,0.042853,0.001496,0.051977,0.001221,0.1,0.033685,80
oracle_hybrid_contact_planner,heldout_combined_contact_uncertainty,0,0.7,0.047353,0.687268,0.047777,0.01435,0.001287,0.038159,0.000946,0.059751,0.000889,0.598981,0.002905,0.031539,0.001056,0.044422,0.001386,0.198034,0.001236,0.04401,0.0,0.038546,0.001296,0.047138,0.001035,0.0,0.0,80
oracle_hybrid_contact_planner,heldout_combined_contact_uncertainty,1,0.704167,0.043087,0.691473,0.043411,0.013537,0.001399,0.038577,0.000962,0.059625,0.000984,0.596794,0.00305,0.03122,0.000969,0.045081,0.001112,0.198034,0.001236,0.04401,0.0,0.037569,0.001284,0.048011,0.00088,0.0,0.0,80
oracle_hybrid_contact_planner,heldout_combined_contact_uncertainty,2,0.677083,0.044387,0.663794,0.044403,0.013636,0.001335,0.037839,0.000976,0.059475,0.000925,0.595542,0.002807,0.031811,0.00095,0.045552,0.001054,0.198034,0.001236,0.04401,0.0,0.038112,0.001192,0.047207,0.000967,0.0,0.0,80
oracle_hybrid_contact_planner,heldout_combined_contact_uncertainty,3,0.71875,0.043329,0.706121,0.043671,0.012581,0.001384,0.037402,0.000889,0.058861,0.001009,0.594943,0.002383,0.032016,0.000969,0.045417,0.001154,0.198034,0.001236,0.04401,0.0,0.037607,0.001214,0.047355,0.000922,0.0,0.0,80
oracle_hybrid_contact_planner,heldout_combined_contact_uncertainty,4,0.7125,0.04149,0.698855,0.041734,0.013975,0.001429,0.038371,0.00091,0.058966,0.001022,0.597454,0.002646,0.032165,0.001026,0.045142,0.00105,0.198034,0.001236,0.04401,0.0,0.03885,0.0013,0.048434,0.000824,0.0,0.0,80
oracle_hybrid_contact_planner,heldout_combined_contact_uncertainty,5,0.691667,0.041945,0.678088,0.041919,0.015115,0.001424,0.037313,0.001026,0.059133,0.000938,0.596165,0.002785,0.03125,0.001022,0.045561,0.001129,0.198034,0.001236,0.04401,0.0,0.038232,0.001243,0.046905,0.000781,0.0,0.0,80
oracle_hybrid_contact_planner,heldout_combined_contact_uncertainty,6,0.7,0.036936,0.68668,0.037047,0.014195,0.00136,0.037762,0.000952,0.059141,0.000995,0.595703,0.002608,0.031189,0.000931,0.044718,0.001241,0.198034,0.001236,0.04401,0.0,0.03875,0.001076,0.048345,0.000956,0.0,0.0,80
oracle_hybrid_contact_planner,heldout_combined_contact_uncertainty,7,0.677083,0.039131,0.663953,0.039625,0.01344,0.001215,0.037992,0.000987,0.058937,0.001004,0.595733,0.003155,0.031834,0.000952,0.045512,0.001192,0.198034,0.001236,0.04401,0.0,0.037678,0.00123,0.047903,0.001052,0.0,0.0,80
oracle_hybrid_contact_planner,heldout_combined_contact_uncertainty,8,0.697917,0.041129,0.684749,0.041351,0.014565,0.001297,0.037397,0.000923,0.059819,0.000997,0.596232,0.00288,0.031439,0.000829,0.044884,0.001205,0.198034,0.001236,0.04401,0.0,0.038093,0.001192,0.046882,0.001056,0.0,0.0,80
oracle_hybrid_contact_planner,heldout_combined_contact_uncertainty,9,0.664583,0.044063,0.651133,0.044412,0.014813,0.001417,0.037446,0.001111,0.059715,0.000902,0.595738,0.002631,0.031296,0.001051,0.044989,0.00103,0.198034,0.001236,0.04401,0.0,0.038053,0.001186,0.047423,0.001076,0.0,0.0,80
