method,split,seed,success,success_ci95,precondition_violation,precondition_violation_ci95,belief_ece,belief_ece_ci95,recovery_success,recovery_success_ci95,damage_rate,damage_rate_ci95,wasted_action,wasted_action_ci95,intervention_cost,intervention_cost_ci95,data_efficiency_proxy,data_efficiency_proxy_ci95,groups,regret_to_oracle
deterministic_symbolic_tamp,nominal,0,0.4694,0.0241,0.1546,0.0142,0.1122,0.0065,0.1994,0.0028,0.0629,0.0046,0.1167,0.0104,0.1114,0.0011,0.2204,0.0028,35,0.2605
deterministic_symbolic_tamp,nominal,1,0.4585,0.0234,0.1552,0.0133,0.1115,0.007,0.1946,0.0045,0.0622,0.0042,0.116,0.0101,0.1114,0.0011,0.2196,0.0028,35,0.2721
deterministic_symbolic_tamp,nominal,2,0.467,0.0241,0.1544,0.0143,0.1113,0.0065,0.1984,0.0028,0.0626,0.0044,0.1156,0.0105,0.1114,0.0011,0.2187,0.0025,35,0.2796
deterministic_symbolic_tamp,nominal,3,0.4395,0.0241,0.1549,0.014,0.1119,0.0068,0.1983,0.0032,0.0623,0.0042,0.1154,0.0105,0.1114,0.0011,0.2225,0.0026,35,0.2915
deterministic_symbolic_tamp,nominal,4,0.4568,0.0229,0.1533,0.0131,0.1119,0.0076,0.1999,0.0038,0.0624,0.004,0.1141,0.0102,0.1114,0.0011,0.2212,0.0032,35,0.281
deterministic_symbolic_tamp,nominal,5,0.4663,0.0241,0.1528,0.0142,0.1121,0.007,0.1957,0.0037,0.0624,0.0042,0.1156,0.0102,0.1114,0.0011,0.2217,0.0029,35,0.2707
deterministic_symbolic_tamp,nominal,6,0.4633,0.021,0.1551,0.0142,0.1135,0.0068,0.1998,0.0037,0.0631,0.0041,0.1156,0.0102,0.1114,0.0011,0.2229,0.0028,35,0.2684
deterministic_symbolic_tamp,seen_shift,0,0.4201,0.0202,0.1773,0.0161,0.1407,0.0087,0.1987,0.0034,0.078,0.0051,0.1331,0.0122,0.1219,0.0013,0.2086,0.0022,35,0.2721
deterministic_symbolic_tamp,seen_shift,1,0.4129,0.0263,0.179,0.0165,0.1389,0.0086,0.1985,0.0028,0.0779,0.0051,0.1337,0.0127,0.1219,0.0013,0.209,0.003,35,0.2918
deterministic_symbolic_tamp,seen_shift,2,0.3956,0.0217,0.1794,0.0169,0.1405,0.0083,0.1936,0.0034,0.0784,0.005,0.1338,0.012,0.1219,0.0013,0.2086,0.002,35,0.3095
deterministic_symbolic_tamp,seen_shift,3,0.4105,0.0196,0.1777,0.0167,0.1406,0.0084,0.1972,0.0039,0.0774,0.0053,0.1336,0.0125,0.1219,0.0013,0.2103,0.0025,35,0.2867
deterministic_symbolic_tamp,seen_shift,4,0.3969,0.0224,0.1784,0.0166,0.1416,0.0086,0.1957,0.003,0.0774,0.0052,0.133,0.0127,0.1219,0.0013,0.2078,0.0035,35,0.3153
deterministic_symbolic_tamp,seen_shift,5,0.398,0.0216,0.1788,0.0164,0.1399,0.0083,0.1962,0.0035,0.0767,0.0054,0.1349,0.0124,0.1219,0.0013,0.209,0.0023,35,0.3211
deterministic_symbolic_tamp,seen_shift,6,0.4119,0.019,0.1789,0.0172,0.1405,0.0084,0.1993,0.0041,0.0781,0.0054,0.1331,0.0127,0.1219,0.0013,0.2102,0.0024,35,0.285
deterministic_symbolic_tamp,unseen_object,0,0.383,0.0266,0.2002,0.0198,0.1595,0.0096,0.1961,0.0048,0.0859,0.0056,0.1472,0.0144,0.1273,0.0015,0.2023,0.003,35,0.3088
deterministic_symbolic_tamp,unseen_object,1,0.3643,0.0295,0.1996,0.02,0.1574,0.0091,0.1963,0.0038,0.0848,0.0057,0.1463,0.0145,0.1273,0.0015,0.2039,0.0029,35,0.3092
deterministic_symbolic_tamp,unseen_object,2,0.3646,0.029,0.1995,0.02,0.1584,0.0093,0.1933,0.0045,0.0867,0.0058,0.146,0.0143,0.1273,0.0015,0.202,0.0028,35,0.3439
deterministic_symbolic_tamp,unseen_object,3,0.3687,0.026,0.2,0.0197,0.1586,0.0093,0.1975,0.0037,0.0867,0.0061,0.1465,0.0147,0.1273,0.0015,0.2016,0.0021,35,0.3139
deterministic_symbolic_tamp,unseen_object,4,0.3762,0.0217,0.1998,0.02,0.1586,0.0096,0.1946,0.0031,0.0862,0.0062,0.1477,0.0143,0.1273,0.0015,0.2016,0.0028,35,0.3071
deterministic_symbolic_tamp,unseen_object,5,0.3786,0.0303,0.1983,0.0199,0.1581,0.0093,0.1971,0.0038,0.0851,0.0056,0.1471,0.0147,0.1273,0.0015,0.2021,0.0026,35,0.3204
deterministic_symbolic_tamp,unseen_object,6,0.3813,0.0304,0.2001,0.02,0.1577,0.0093,0.1964,0.0036,0.0862,0.0057,0.1485,0.0144,0.1273,0.0015,0.201,0.0028,35,0.3143
deterministic_symbolic_tamp,unseen_contact,0,0.3616,0.0306,0.2085,0.0204,0.1749,0.0102,0.1957,0.0038,0.0915,0.0067,0.1503,0.0144,0.1316,0.0016,0.1967,0.0026,35,0.318
deterministic_symbolic_tamp,unseen_contact,1,0.3439,0.0272,0.2091,0.02,0.1765,0.0104,0.1941,0.0036,0.0905,0.006,0.1502,0.0148,0.1316,0.0016,0.1989,0.0025,35,0.3364
deterministic_symbolic_tamp,unseen_contact,2,0.3653,0.0276,0.2085,0.0203,0.1766,0.0103,0.1959,0.0034,0.0902,0.0066,0.1497,0.0152,0.1316,0.0016,0.1989,0.003,35,0.3136
deterministic_symbolic_tamp,unseen_contact,3,0.3537,0.026,0.2086,0.0202,0.1762,0.0102,0.1957,0.0042,0.0908,0.0066,0.1494,0.0149,0.1316,0.0016,0.1989,0.0026,35,0.3282
deterministic_symbolic_tamp,unseen_contact,4,0.3514,0.0269,0.2099,0.0204,0.1759,0.0102,0.1928,0.0038,0.0912,0.0063,0.15,0.0141,0.1316,0.0016,0.1969,0.0027,35,0.3187
deterministic_symbolic_tamp,unseen_contact,5,0.3514,0.0276,0.2091,0.0205,0.1767,0.0102,0.1944,0.0038,0.0911,0.0065,0.1505,0.0151,0.1316,0.0016,0.1991,0.0027,35,0.3449
deterministic_symbolic_tamp,unseen_contact,6,0.3609,0.0249,0.2101,0.0202,0.177,0.0106,0.1941,0.0029,0.0913,0.0067,0.1509,0.0156,0.1316,0.0016,0.1977,0.002,35,0.3187
deterministic_symbolic_tamp,combined_stress,0,0.3,0.0277,0.236,0.0241,0.2092,0.012,0.1947,0.0031,0.1044,0.0071,0.1724,0.0176,0.1412,0.0019,0.186,0.0024,35,0.3537
deterministic_symbolic_tamp,combined_stress,1,0.3051,0.0312,0.2353,0.0237,0.2099,0.0118,0.1963,0.0038,0.1033,0.0074,0.1703,0.0174,0.1412,0.0019,0.1893,0.003,35,0.3469
deterministic_symbolic_tamp,combined_stress,2,0.319,0.0303,0.2346,0.024,0.2099,0.0119,0.1941,0.0035,0.1035,0.0072,0.1708,0.0174,0.1412,0.0019,0.1874,0.0027,35,0.332
deterministic_symbolic_tamp,combined_stress,3,0.3167,0.0278,0.2339,0.0235,0.2091,0.0124,0.1905,0.0044,0.1039,0.0072,0.1714,0.018,0.1412,0.0019,0.1857,0.0025,35,0.3469
deterministic_symbolic_tamp,combined_stress,4,0.3156,0.0268,0.2364,0.0235,0.2104,0.012,0.1924,0.0035,0.105,0.0071,0.173,0.0175,0.1412,0.0019,0.1881,0.0028,35,0.3415
deterministic_symbolic_tamp,combined_stress,5,0.3245,0.029,0.2353,0.024,0.2097,0.0121,0.1937,0.0038,0.1039,0.0071,0.1714,0.0173,0.1412,0.0019,0.185,0.0027,35,0.3296
deterministic_symbolic_tamp,combined_stress,6,0.3061,0.0285,0.2341,0.0236,0.2098,0.012,0.1945,0.0036,0.104,0.0068,0.1703,0.0174,0.1412,0.0019,0.1856,0.0026,35,0.3514
robust_geometric_tamp,nominal,0,0.5173,0.0248,0.1291,0.0119,0.103,0.0067,0.2619,0.0036,0.0531,0.0034,0.1084,0.0091,0.2404,0.0011,0.2986,0.0029,35,0.2126
robust_geometric_tamp,nominal,1,0.5265,0.0213,0.1294,0.0121,0.1035,0.0061,0.2597,0.0036,0.0519,0.0032,0.1077,0.0092,0.2404,0.0011,0.2971,0.0029,35,0.2041
robust_geometric_tamp,nominal,2,0.5221,0.0187,0.1287,0.012,0.1016,0.0062,0.2589,0.003,0.0517,0.0028,0.1074,0.0093,0.2404,0.0011,0.2967,0.0024,35,0.2245
robust_geometric_tamp,nominal,3,0.5146,0.017,0.1301,0.012,0.1022,0.0061,0.2577,0.0034,0.052,0.0032,0.1057,0.0094,0.2404,0.0011,0.296,0.0029,35,0.2163
robust_geometric_tamp,nominal,4,0.5201,0.022,0.1287,0.0116,0.1024,0.0061,0.2585,0.0038,0.0513,0.0031,0.1071,0.0089,0.2404,0.0011,0.2988,0.0028,35,0.2177
robust_geometric_tamp,nominal,5,0.517,0.019,0.1305,0.0118,0.1017,0.0061,0.26,0.0037,0.0518,0.0032,0.1066,0.0091,0.2404,0.0011,0.2988,0.0026,35,0.2201
robust_geometric_tamp,nominal,6,0.5024,0.0222,0.1275,0.0116,0.1006,0.0065,0.2557,0.0032,0.0526,0.0034,0.1086,0.0093,0.2404,0.0011,0.2964,0.003,35,0.2293
robust_geometric_tamp,seen_shift,0,0.4646,0.0296,0.1504,0.0142,0.1244,0.0073,0.2575,0.0031,0.0623,0.0042,0.1221,0.0112,0.2508,0.0013,0.2852,0.0023,35,0.2276
robust_geometric_tamp,seen_shift,1,0.467,0.0188,0.1496,0.0147,0.1258,0.0074,0.2586,0.0036,0.0636,0.004,0.1216,0.0111,0.2508,0.0013,0.2851,0.0028,35,0.2378
robust_geometric_tamp,seen_shift,2,0.467,0.0207,0.1491,0.0147,0.1258,0.0076,0.2569,0.0039,0.0633,0.0042,0.1233,0.0112,0.2508,0.0013,0.2861,0.0029,35,0.2381
robust_geometric_tamp,seen_shift,3,0.4827,0.0239,0.1509,0.0143,0.1271,0.0075,0.2593,0.0039,0.0641,0.0036,0.1209,0.0111,0.2508,0.0013,0.2857,0.0026,35,0.2146
robust_geometric_tamp,seen_shift,4,0.4741,0.0253,0.1501,0.0144,0.1263,0.0075,0.2554,0.0035,0.0642,0.0041,0.122,0.0109,0.2508,0.0013,0.2843,0.0022,35,0.2381
robust_geometric_tamp,seen_shift,5,0.4786,0.026,0.1505,0.0145,0.1255,0.0072,0.2601,0.0041,0.0622,0.004,0.121,0.0117,0.2508,0.0013,0.2861,0.0029,35,0.2405
robust_geometric_tamp,seen_shift,6,0.4667,0.0217,0.1494,0.0147,0.1257,0.0073,0.2576,0.003,0.0624,0.004,0.1213,0.0109,0.2508,0.0013,0.2871,0.0021,35,0.2303
robust_geometric_tamp,unseen_object,0,0.4473,0.0227,0.1679,0.0172,0.1399,0.0082,0.2624,0.0032,0.0687,0.0042,0.1364,0.0135,0.2563,0.0015,0.2806,0.0026,35,0.2446
robust_geometric_tamp,unseen_object,1,0.435,0.0231,0.1682,0.017,0.1408,0.0085,0.2602,0.0034,0.0688,0.0041,0.1354,0.0125,0.2563,0.0015,0.2787,0.0022,35,0.2384
robust_geometric_tamp,unseen_object,2,0.4201,0.0269,0.1677,0.0171,0.139,0.0082,0.2575,0.0035,0.0686,0.0042,0.1356,0.0128,0.2563,0.0015,0.2791,0.0024,35,0.2884
robust_geometric_tamp,unseen_object,3,0.4442,0.0254,0.1689,0.0174,0.1403,0.008,0.256,0.0037,0.0694,0.0044,0.1358,0.0125,0.2563,0.0015,0.2791,0.0027,35,0.2384
robust_geometric_tamp,unseen_object,4,0.4395,0.0252,0.1701,0.0171,0.1409,0.0084,0.2539,0.0039,0.0691,0.0043,0.1363,0.013,0.2563,0.0015,0.2783,0.0033,35,0.2439
robust_geometric_tamp,unseen_object,5,0.4388,0.0241,0.1682,0.0174,0.1397,0.0082,0.2575,0.0032,0.0688,0.0048,0.1375,0.0133,0.2563,0.0015,0.2796,0.0029,35,0.2602
robust_geometric_tamp,unseen_object,6,0.4497,0.0236,0.1684,0.0172,0.1398,0.0084,0.257,0.0039,0.0691,0.0045,0.1375,0.0129,0.2563,0.0015,0.2788,0.0032,35,0.2459
robust_geometric_tamp,unseen_contact,0,0.4184,0.0247,0.1763,0.0176,0.1563,0.0093,0.254,0.0033,0.0739,0.0044,0.1383,0.013,0.2606,0.0016,0.2769,0.0018,35,0.2612
robust_geometric_tamp,unseen_contact,1,0.4378,0.0241,0.1767,0.0177,0.1547,0.0093,0.2556,0.004,0.0713,0.0044,0.1386,0.0134,0.2606,0.0016,0.276,0.0022,35,0.2425
robust_geometric_tamp,unseen_contact,2,0.4187,0.0263,0.1766,0.0174,0.1536,0.0089,0.2578,0.0041,0.0725,0.0041,0.1395,0.0136,0.2606,0.0016,0.2755,0.0029,35,0.2602
robust_geometric_tamp,unseen_contact,3,0.4241,0.0281,0.175,0.0178,0.1563,0.0091,0.2573,0.0032,0.0743,0.0044,0.1375,0.0134,0.2606,0.0016,0.2766,0.0027,35,0.2578
robust_geometric_tamp,unseen_contact,4,0.4156,0.024,0.1751,0.0182,0.1554,0.0092,0.2575,0.0041,0.0743,0.0047,0.1385,0.0131,0.2606,0.0016,0.277,0.0021,35,0.2544
robust_geometric_tamp,unseen_contact,5,0.4105,0.0197,0.1751,0.0171,0.1544,0.0095,0.2599,0.0042,0.0724,0.004,0.1376,0.0129,0.2606,0.0016,0.2749,0.0025,35,0.2857
robust_geometric_tamp,unseen_contact,6,0.4238,0.0239,0.1768,0.0174,0.1542,0.009,0.2586,0.0036,0.0733,0.0045,0.1381,0.0132,0.2606,0.0016,0.276,0.0025,35,0.2558
robust_geometric_tamp,combined_stress,0,0.3857,0.0255,0.199,0.0208,0.1827,0.0108,0.2543,0.0038,0.0825,0.005,0.1577,0.0154,0.2701,0.0019,0.2647,0.0028,35,0.268
robust_geometric_tamp,combined_stress,1,0.3847,0.0275,0.1999,0.0205,0.182,0.0106,0.2545,0.0039,0.0817,0.0054,0.1573,0.0158,0.2701,0.0019,0.2631,0.0029,35,0.2673
robust_geometric_tamp,combined_stress,2,0.4034,0.0258,0.1996,0.0206,0.1818,0.0109,0.2555,0.0032,0.0812,0.0055,0.1551,0.0157,0.2701,0.0019,0.2624,0.0021,35,0.2476
robust_geometric_tamp,combined_stress,3,0.381,0.0269,0.2001,0.0208,0.1827,0.0108,0.2557,0.0035,0.0832,0.0055,0.1572,0.0157,0.2701,0.0019,0.2632,0.0024,35,0.2827
robust_geometric_tamp,combined_stress,4,0.3844,0.0252,0.1987,0.021,0.1821,0.0107,0.2583,0.0029,0.0825,0.0052,0.1586,0.0157,0.2701,0.0019,0.2625,0.0031,35,0.2728
robust_geometric_tamp,combined_stress,5,0.3724,0.0259,0.1986,0.0202,0.1816,0.0109,0.2549,0.0035,0.0834,0.0051,0.1581,0.0155,0.2701,0.0019,0.2667,0.0032,35,0.2816
robust_geometric_tamp,combined_stress,6,0.3605,0.0281,0.1995,0.0212,0.1822,0.0107,0.2559,0.0039,0.0832,0.0048,0.1565,0.0151,0.2701,0.0019,0.2654,0.0029,35,0.2969
receding_horizon_mpc,nominal,0,0.5429,0.0218,0.1134,0.0101,0.0923,0.0054,0.3319,0.0039,0.0506,0.0036,0.1001,0.0079,0.2299,0.0011,0.3626,0.0028,35,0.1871
receding_horizon_mpc,nominal,1,0.5565,0.0209,0.1118,0.0103,0.0925,0.0054,0.3279,0.004,0.0505,0.0031,0.0995,0.0078,0.2299,0.0011,0.363,0.0031,35,0.1741
receding_horizon_mpc,nominal,2,0.5381,0.02,0.1118,0.0101,0.0936,0.0057,0.3312,0.0034,0.0515,0.0031,0.0978,0.0078,0.2299,0.0011,0.3638,0.0025,35,0.2085
receding_horizon_mpc,nominal,3,0.5405,0.0161,0.113,0.0104,0.0929,0.0057,0.3285,0.0036,0.0512,0.0031,0.0978,0.0084,0.2299,0.0011,0.3638,0.0023,35,0.1905
receding_horizon_mpc,nominal,4,0.5422,0.0198,0.1133,0.0105,0.0922,0.0055,0.3309,0.0034,0.0518,0.0026,0.0983,0.0077,0.2299,0.0011,0.363,0.0028,35,0.1956
receding_horizon_mpc,nominal,5,0.5405,0.0249,0.1115,0.0105,0.0932,0.0053,0.3284,0.0036,0.0505,0.0033,0.0982,0.0076,0.2299,0.0011,0.3633,0.0023,35,0.1966
receding_horizon_mpc,nominal,6,0.5432,0.0254,0.1145,0.0101,0.0924,0.0054,0.3282,0.0028,0.052,0.003,0.099,0.0075,0.2299,0.0011,0.3627,0.0029,35,0.1884
receding_horizon_mpc,seen_shift,0,0.4803,0.0214,0.1314,0.012,0.1125,0.0063,0.3301,0.0037,0.0619,0.0035,0.111,0.0091,0.2404,0.0013,0.3504,0.0026,35,0.2119
receding_horizon_mpc,seen_shift,1,0.4881,0.0197,0.1323,0.0125,0.1136,0.0068,0.3282,0.0038,0.0619,0.0037,0.1115,0.0093,0.2404,0.0013,0.3508,0.0032,35,0.2167
receding_horizon_mpc,seen_shift,2,0.4983,0.0233,0.1293,0.0123,0.1139,0.0066,0.3335,0.0035,0.0618,0.004,0.1132,0.0095,0.2404,0.0013,0.3529,0.0032,35,0.2068
receding_horizon_mpc,seen_shift,3,0.4929,0.0232,0.1313,0.0124,0.1127,0.0066,0.3282,0.0036,0.0625,0.0037,0.1095,0.0095,0.2404,0.0013,0.3504,0.0024,35,0.2044
receding_horizon_mpc,seen_shift,4,0.4918,0.0218,0.1301,0.012,0.1136,0.0068,0.3272,0.0039,0.0619,0.0035,0.1108,0.0097,0.2404,0.0013,0.3522,0.003,35,0.2204
receding_horizon_mpc,seen_shift,5,0.5003,0.0215,0.1297,0.0121,0.1129,0.0065,0.328,0.004,0.063,0.0034,0.1109,0.0096,0.2404,0.0013,0.3502,0.0028,35,0.2187
receding_horizon_mpc,seen_shift,6,0.5017,0.0212,0.1305,0.012,0.1142,0.0063,0.3271,0.0035,0.0615,0.0038,0.113,0.0097,0.2404,0.0013,0.3532,0.0026,35,0.1952
receding_horizon_mpc,unseen_object,0,0.4738,0.0227,0.1454,0.0137,0.1264,0.0072,0.3258,0.0034,0.0662,0.0043,0.1228,0.0115,0.2458,0.0015,0.3457,0.0029,35,0.218
receding_horizon_mpc,unseen_object,1,0.4759,0.0244,0.1475,0.0145,0.1268,0.0073,0.332,0.0033,0.0665,0.0041,0.1229,0.0113,0.2458,0.0015,0.3441,0.0025,35,0.1976
receding_horizon_mpc,unseen_object,2,0.4765,0.0186,0.1449,0.0149,0.1259,0.0076,0.3277,0.0035,0.0672,0.0043,0.1225,0.0112,0.2458,0.0015,0.3425,0.0024,35,0.232
receding_horizon_mpc,unseen_object,3,0.4741,0.0291,0.1471,0.0149,0.1264,0.0071,0.3294,0.0031,0.067,0.0045,0.1244,0.0114,0.2458,0.0015,0.3432,0.0038,35,0.2085
receding_horizon_mpc,unseen_object,4,0.4738,0.0229,0.1473,0.0147,0.1268,0.0072,0.3287,0.0034,0.0676,0.0041,0.124,0.0111,0.2458,0.0015,0.3453,0.0023,35,0.2095
receding_horizon_mpc,unseen_object,5,0.4612,0.0194,0.1467,0.0145,0.1272,0.007,0.3266,0.0036,0.068,0.004,0.1228,0.0108,0.2458,0.0015,0.3454,0.003,35,0.2378
receding_horizon_mpc,unseen_object,6,0.4745,0.023,0.1472,0.0139,0.1257,0.0074,0.325,0.0028,0.067,0.004,0.124,0.0115,0.2458,0.0015,0.3454,0.0026,35,0.2211
receding_horizon_mpc,unseen_contact,0,0.4412,0.0213,0.1543,0.0153,0.1402,0.0076,0.3252,0.004,0.0707,0.0043,0.1234,0.0112,0.2501,0.0016,0.3402,0.0023,35,0.2384
receding_horizon_mpc,unseen_contact,1,0.45,0.0225,0.1524,0.0152,0.1399,0.0083,0.3268,0.0033,0.0704,0.0044,0.1243,0.0112,0.2501,0.0016,0.3389,0.0028,35,0.2303
receding_horizon_mpc,unseen_contact,2,0.4616,0.0239,0.1529,0.0155,0.1393,0.0083,0.3269,0.004,0.0714,0.0045,0.124,0.0114,0.2501,0.0016,0.3401,0.003,35,0.2173
receding_horizon_mpc,unseen_contact,3,0.4609,0.026,0.1548,0.0146,0.1404,0.0081,0.3294,0.0041,0.0705,0.0045,0.1246,0.0112,0.2501,0.0016,0.3401,0.0027,35,0.2211
receding_horizon_mpc,unseen_contact,4,0.4656,0.022,0.1517,0.0151,0.1392,0.0083,0.3275,0.0037,0.0715,0.0042,0.126,0.0111,0.2501,0.0016,0.3394,0.0028,35,0.2044
receding_horizon_mpc,unseen_contact,5,0.4605,0.0209,0.1513,0.0151,0.1398,0.0081,0.3282,0.0037,0.0709,0.0039,0.1254,0.0113,0.2501,0.0016,0.3368,0.0027,35,0.2357
receding_horizon_mpc,unseen_contact,6,0.4636,0.025,0.153,0.0145,0.1397,0.0084,0.3283,0.0035,0.0714,0.0048,0.1247,0.0112,0.2501,0.0016,0.3404,0.0026,35,0.216
receding_horizon_mpc,combined_stress,0,0.4109,0.0262,0.1722,0.0179,0.1636,0.0092,0.3258,0.0036,0.0808,0.0048,0.1412,0.0134,0.2597,0.0019,0.3294,0.0023,35,0.2429
receding_horizon_mpc,combined_stress,1,0.4153,0.0246,0.1734,0.0169,0.1644,0.0092,0.3252,0.0037,0.0797,0.0051,0.1411,0.0134,0.2597,0.0019,0.3304,0.0021,35,0.2367
receding_horizon_mpc,combined_stress,2,0.4136,0.0243,0.1736,0.0181,0.1642,0.0097,0.3249,0.0037,0.0803,0.0053,0.1406,0.0132,0.2597,0.0019,0.3269,0.003,35,0.2374
receding_horizon_mpc,combined_stress,3,0.4099,0.0248,0.1722,0.0181,0.1654,0.0096,0.3243,0.0028,0.081,0.0049,0.1406,0.014,0.2597,0.0019,0.3279,0.0026,35,0.2537
receding_horizon_mpc,combined_stress,4,0.3966,0.0231,0.174,0.0177,0.1638,0.0094,0.3244,0.0037,0.0798,0.005,0.1411,0.0131,0.2597,0.0019,0.3311,0.0021,35,0.2605
receding_horizon_mpc,combined_stress,5,0.4252,0.0253,0.1728,0.0181,0.165,0.0092,0.3245,0.0032,0.0813,0.0051,0.1417,0.0135,0.2597,0.0019,0.3292,0.0023,35,0.2289
receding_horizon_mpc,combined_stress,6,0.4231,0.0226,0.1732,0.0176,0.1653,0.0093,0.3252,0.0035,0.08,0.0049,0.141,0.0129,0.2597,0.0019,0.3292,0.0027,35,0.2344
learned_failure_classifier,nominal,0,0.5626,0.0178,0.1014,0.0095,0.0843,0.0044,0.3643,0.0034,0.0487,0.0026,0.0888,0.0065,0.2133,0.0011,0.4148,0.0026,35,0.1673
learned_failure_classifier,nominal,1,0.5541,0.0195,0.1028,0.0097,0.0831,0.0044,0.3638,0.0031,0.049,0.0027,0.0894,0.007,0.2133,0.0011,0.4141,0.0029,35,0.1765
learned_failure_classifier,nominal,2,0.5439,0.0155,0.1019,0.0093,0.0853,0.0045,0.3647,0.0034,0.0499,0.0031,0.0915,0.0076,0.2133,0.0011,0.4133,0.0023,35,0.2027
learned_failure_classifier,nominal,3,0.5612,0.0247,0.1013,0.0097,0.0825,0.0044,0.3629,0.004,0.0498,0.003,0.0913,0.0068,0.2133,0.0011,0.412,0.0031,35,0.1697
learned_failure_classifier,nominal,4,0.5759,0.019,0.1014,0.0086,0.0844,0.0044,0.3639,0.0031,0.0486,0.0028,0.0912,0.0074,0.2133,0.0011,0.4119,0.0028,35,0.1619
learned_failure_classifier,nominal,5,0.5442,0.0247,0.1027,0.0094,0.0842,0.0044,0.3677,0.0035,0.0495,0.003,0.0906,0.007,0.2133,0.0011,0.4137,0.0027,35,0.1929
learned_failure_classifier,nominal,6,0.5571,0.0207,0.1028,0.0093,0.0846,0.0044,0.3651,0.0035,0.0497,0.0026,0.0919,0.0067,0.2133,0.0011,0.4142,0.0029,35,0.1745
learned_failure_classifier,seen_shift,0,0.5139,0.0188,0.1178,0.0114,0.101,0.0053,0.3624,0.0032,0.0586,0.0037,0.1036,0.0078,0.2238,0.0013,0.4016,0.0027,35,0.1782
learned_failure_classifier,seen_shift,1,0.4912,0.0202,0.118,0.0116,0.1027,0.0056,0.3632,0.0028,0.0592,0.0032,0.1018,0.0089,0.2238,0.0013,0.4019,0.003,35,0.2136
learned_failure_classifier,seen_shift,2,0.5133,0.0215,0.1183,0.0114,0.1029,0.0057,0.3633,0.0041,0.06,0.0036,0.1025,0.0088,0.2238,0.0013,0.4,0.0022,35,0.1918
learned_failure_classifier,seen_shift,3,0.5136,0.0253,0.1184,0.0112,0.1032,0.0059,0.3635,0.0034,0.0588,0.0032,0.1018,0.0086,0.2238,0.0013,0.3997,0.0026,35,0.1837
learned_failure_classifier,seen_shift,4,0.5211,0.0215,0.1174,0.0118,0.1019,0.0055,0.3606,0.0034,0.0585,0.0039,0.1017,0.0083,0.2238,0.0013,0.4017,0.0022,35,0.1912
learned_failure_classifier,seen_shift,5,0.5129,0.0219,0.119,0.0114,0.1027,0.0059,0.3632,0.0027,0.059,0.0034,0.1009,0.0082,0.2238,0.0013,0.4006,0.003,35,0.2061
learned_failure_classifier,seen_shift,6,0.5163,0.0193,0.1183,0.0113,0.1015,0.0057,0.3626,0.0029,0.0588,0.0034,0.1024,0.0083,0.2238,0.0013,0.4027,0.0024,35,0.1806
learned_failure_classifier,unseen_object,0,0.5044,0.0216,0.1305,0.0131,0.1142,0.006,0.3618,0.0033,0.064,0.0039,0.1119,0.01,0.2292,0.0015,0.3959,0.003,35,0.1874
learned_failure_classifier,unseen_object,1,0.485,0.0205,0.133,0.0134,0.1152,0.0061,0.3624,0.003,0.0637,0.0039,0.1107,0.01,0.2292,0.0015,0.3958,0.003,35,0.1884
learned_failure_classifier,unseen_object,2,0.4935,0.0214,0.1328,0.0126,0.1143,0.0063,0.3609,0.0036,0.0653,0.004,0.1133,0.0105,0.2292,0.0015,0.3966,0.0026,35,0.215
learned_failure_classifier,unseen_object,3,0.4912,0.0194,0.1338,0.0131,0.1136,0.0064,0.3619,0.0033,0.064,0.0038,0.1126,0.0101,0.2292,0.0015,0.3951,0.0028,35,0.1915
learned_failure_classifier,unseen_object,4,0.4905,0.0227,0.1317,0.013,0.1138,0.0058,0.3623,0.0032,0.0644,0.0041,0.1136,0.01,0.2292,0.0015,0.3944,0.0027,35,0.1929
learned_failure_classifier,unseen_object,5,0.5041,0.0228,0.1322,0.0126,0.1137,0.0063,0.3602,0.0036,0.0646,0.0041,0.1128,0.0099,0.2292,0.0015,0.3936,0.0022,35,0.1949
learned_failure_classifier,unseen_object,6,0.4755,0.0237,0.1324,0.0133,0.1136,0.0064,0.3608,0.0044,0.0636,0.004,0.1135,0.01,0.2292,0.0015,0.3986,0.0024,35,0.2201
learned_failure_classifier,unseen_contact,0,0.4673,0.0249,0.1403,0.014,0.1263,0.0068,0.3619,0.0033,0.0681,0.0041,0.1122,0.0099,0.2335,0.0016,0.3895,0.0021,35,0.2122
learned_failure_classifier,unseen_contact,1,0.4844,0.0186,0.1392,0.0138,0.1243,0.0066,0.3605,0.004,0.0688,0.0039,0.1143,0.0102,0.2335,0.0016,0.3927,0.0029,35,0.1959
learned_failure_classifier,unseen_contact,2,0.4738,0.0243,0.139,0.014,0.1261,0.0073,0.3601,0.0039,0.0677,0.0044,0.1137,0.0097,0.2335,0.0016,0.3872,0.0026,35,0.2051
learned_failure_classifier,unseen_contact,3,0.4793,0.019,0.1404,0.0136,0.1255,0.0072,0.3608,0.0032,0.0667,0.0042,0.1135,0.0101,0.2335,0.0016,0.389,0.0028,35,0.2027
learned_failure_classifier,unseen_contact,4,0.4769,0.0164,0.1393,0.0135,0.1256,0.0068,0.3598,0.0036,0.0681,0.004,0.1139,0.0101,0.2335,0.0016,0.3906,0.0021,35,0.1932
learned_failure_classifier,unseen_contact,5,0.4854,0.0244,0.1397,0.0138,0.1277,0.0069,0.3573,0.0028,0.0674,0.0042,0.1136,0.0102,0.2335,0.0016,0.3926,0.0031,35,0.2109
learned_failure_classifier,unseen_contact,6,0.4704,0.0188,0.1396,0.0138,0.1274,0.0068,0.3625,0.0037,0.0675,0.0044,0.113,0.0104,0.2335,0.0016,0.3876,0.003,35,0.2092
learned_failure_classifier,combined_stress,0,0.4442,0.0223,0.1562,0.0162,0.1474,0.0075,0.361,0.0035,0.0754,0.0049,0.1278,0.0117,0.2431,0.0019,0.3776,0.0032,35,0.2095
learned_failure_classifier,combined_stress,1,0.4333,0.028,0.1562,0.0167,0.1475,0.0077,0.3583,0.0034,0.0773,0.0046,0.1294,0.0119,0.2431,0.0019,0.3812,0.0024,35,0.2187
learned_failure_classifier,combined_stress,2,0.431,0.0234,0.1556,0.0155,0.1481,0.0076,0.3587,0.0035,0.077,0.0048,0.1284,0.0118,0.2431,0.0019,0.3781,0.003,35,0.2201
learned_failure_classifier,combined_stress,3,0.4129,0.0223,0.1555,0.0161,0.1475,0.008,0.3619,0.0042,0.0761,0.0047,0.1295,0.0123,0.2431,0.0019,0.3788,0.0022,35,0.2507
learned_failure_classifier,combined_stress,4,0.434,0.0193,0.1557,0.0154,0.1483,0.008,0.3587,0.0037,0.0766,0.0045,0.1272,0.0119,0.2431,0.0019,0.3828,0.0019,35,0.2231
learned_failure_classifier,combined_stress,5,0.4279,0.0198,0.156,0.0161,0.1467,0.0083,0.3625,0.0034,0.0763,0.0048,0.1293,0.0118,0.2431,0.0019,0.381,0.0025,35,0.2262
learned_failure_classifier,combined_stress,6,0.4187,0.025,0.1576,0.0154,0.1495,0.0079,0.3604,0.0039,0.0759,0.0047,0.1293,0.0118,0.2431,0.0019,0.3801,0.003,35,0.2388
ensemble_belief_planner,nominal,0,0.566,0.0203,0.0846,0.0077,0.0729,0.0037,0.3976,0.0033,0.0478,0.003,0.0821,0.0063,0.2568,0.0011,0.4723,0.0026,35,0.1639
ensemble_belief_planner,nominal,1,0.5762,0.0195,0.0867,0.0079,0.0738,0.0038,0.4023,0.0034,0.0489,0.0027,0.0821,0.0066,0.2568,0.0011,0.4749,0.0028,35,0.1544
ensemble_belief_planner,nominal,2,0.569,0.0209,0.0845,0.0083,0.0743,0.004,0.3992,0.0036,0.048,0.0027,0.0826,0.006,0.2568,0.0011,0.4733,0.0029,35,0.1776
ensemble_belief_planner,nominal,3,0.5636,0.0209,0.085,0.0082,0.0738,0.0039,0.4048,0.0037,0.0459,0.0028,0.0837,0.0059,0.2568,0.0011,0.473,0.0026,35,0.1673
ensemble_belief_planner,nominal,4,0.5643,0.0176,0.0871,0.0081,0.0742,0.0042,0.4006,0.0033,0.0474,0.0027,0.0837,0.0065,0.2568,0.0011,0.4749,0.0027,35,0.1735
ensemble_belief_planner,nominal,5,0.5684,0.0196,0.0841,0.0075,0.0736,0.0036,0.3998,0.0041,0.0475,0.0028,0.0853,0.0063,0.2568,0.0011,0.4758,0.0026,35,0.1687
ensemble_belief_planner,nominal,6,0.5765,0.0179,0.0873,0.007,0.0743,0.0039,0.401,0.003,0.048,0.0029,0.0807,0.0059,0.2568,0.0011,0.4766,0.0021,35,0.1551
ensemble_belief_planner,seen_shift,0,0.5265,0.0193,0.0981,0.0095,0.0885,0.0044,0.4015,0.0038,0.0557,0.0032,0.0937,0.0076,0.2672,0.0013,0.4599,0.0025,35,0.1656
ensemble_belief_planner,seen_shift,1,0.5204,0.0151,0.099,0.0094,0.0902,0.0046,0.3967,0.0033,0.0548,0.0031,0.0928,0.0072,0.2672,0.0013,0.4607,0.003,35,0.1844
ensemble_belief_planner,seen_shift,2,0.5357,0.0205,0.0993,0.0088,0.0886,0.0042,0.402,0.0037,0.0559,0.0033,0.0922,0.0072,0.2672,0.0013,0.4627,0.0023,35,0.1694
ensemble_belief_planner,seen_shift,3,0.5293,0.0168,0.0997,0.0096,0.0894,0.0046,0.3971,0.0031,0.0568,0.0037,0.0924,0.0077,0.2672,0.0013,0.4604,0.003,35,0.168
ensemble_belief_planner,seen_shift,4,0.5412,0.0191,0.0984,0.0094,0.0878,0.0047,0.3973,0.0031,0.0557,0.0033,0.0927,0.0078,0.2672,0.0013,0.4595,0.0022,35,0.1711
ensemble_belief_planner,seen_shift,5,0.5184,0.0187,0.0979,0.0096,0.0864,0.0045,0.4022,0.0036,0.0552,0.0037,0.0921,0.0074,0.2672,0.0013,0.4598,0.0027,35,0.2007
ensemble_belief_planner,seen_shift,6,0.518,0.0217,0.0976,0.01,0.0887,0.0046,0.402,0.0033,0.0551,0.0032,0.0922,0.0076,0.2672,0.0013,0.4598,0.0029,35,0.1789
ensemble_belief_planner,unseen_object,0,0.5058,0.0238,0.1115,0.0113,0.0969,0.0052,0.3995,0.0031,0.0606,0.0037,0.1029,0.0085,0.2727,0.0015,0.456,0.0022,35,0.1861
ensemble_belief_planner,unseen_object,1,0.5037,0.0218,0.1103,0.0113,0.0974,0.005,0.3973,0.0032,0.0596,0.0033,0.1014,0.0088,0.2727,0.0015,0.4567,0.0031,35,0.1697
ensemble_belief_planner,unseen_object,2,0.499,0.0256,0.1123,0.0113,0.0971,0.0048,0.4011,0.004,0.0595,0.0038,0.1019,0.0088,0.2727,0.0015,0.4554,0.0024,35,0.2095
ensemble_belief_planner,unseen_object,3,0.4806,0.0231,0.1108,0.0113,0.0962,0.0051,0.3991,0.0045,0.0599,0.0032,0.1044,0.0088,0.2727,0.0015,0.4542,0.0024,35,0.202
ensemble_belief_planner,unseen_object,4,0.4935,0.0219,0.1121,0.0116,0.0978,0.0052,0.3982,0.0034,0.0593,0.0029,0.1008,0.0084,0.2727,0.0015,0.4546,0.0024,35,0.1898
ensemble_belief_planner,unseen_object,5,0.483,0.0211,0.112,0.0111,0.099,0.0051,0.3976,0.0042,0.0596,0.0034,0.1026,0.0085,0.2727,0.0015,0.4527,0.0025,35,0.216
ensemble_belief_planner,unseen_object,6,0.5095,0.0202,0.1108,0.0113,0.0987,0.0048,0.4,0.0036,0.0596,0.0036,0.1026,0.0088,0.2727,0.0015,0.4566,0.0023,35,0.1861
ensemble_belief_planner,unseen_contact,0,0.4942,0.0259,0.1158,0.0124,0.1071,0.0054,0.3995,0.0039,0.0625,0.0038,0.1019,0.0084,0.277,0.0016,0.4504,0.0029,35,0.1854
ensemble_belief_planner,unseen_contact,1,0.4687,0.0242,0.1179,0.0118,0.1068,0.0058,0.3995,0.003,0.0627,0.0035,0.1025,0.0088,0.277,0.0016,0.4507,0.0028,35,0.2116
ensemble_belief_planner,unseen_contact,2,0.482,0.0213,0.1161,0.0116,0.1069,0.0052,0.3973,0.0042,0.0635,0.004,0.1013,0.009,0.277,0.0016,0.4508,0.0024,35,0.1969
ensemble_belief_planner,unseen_contact,3,0.4898,0.0208,0.1163,0.012,0.1076,0.005,0.3952,0.0029,0.0622,0.0039,0.1018,0.0086,0.277,0.0016,0.4499,0.0027,35,0.1922
ensemble_belief_planner,unseen_contact,4,0.5054,0.0175,0.1175,0.0119,0.1064,0.0056,0.3988,0.0043,0.0628,0.0038,0.1024,0.0092,0.277,0.0016,0.4496,0.0028,35,0.1646
ensemble_belief_planner,unseen_contact,5,0.4986,0.0195,0.1187,0.0117,0.1076,0.0052,0.4,0.0029,0.0627,0.0038,0.1018,0.0087,0.277,0.0016,0.4503,0.0025,35,0.1976
ensemble_belief_planner,unseen_contact,6,0.4915,0.0229,0.1168,0.0122,0.1075,0.0056,0.4013,0.0041,0.0626,0.0042,0.1008,0.0082,0.277,0.0016,0.4504,0.0031,35,0.1881
ensemble_belief_planner,combined_stress,0,0.4633,0.0259,0.1316,0.0138,0.125,0.0062,0.3982,0.0032,0.0702,0.0043,0.1142,0.0102,0.2866,0.0019,0.441,0.0028,35,0.1905
ensemble_belief_planner,combined_stress,1,0.4578,0.0185,0.1307,0.0132,0.1249,0.0063,0.3965,0.004,0.0701,0.0038,0.1156,0.0102,0.2866,0.0019,0.4379,0.0025,35,0.1942
ensemble_belief_planner,combined_stress,2,0.4463,0.0195,0.1318,0.0133,0.125,0.0064,0.3989,0.0047,0.0692,0.0045,0.1149,0.0103,0.2866,0.0019,0.4388,0.0022,35,0.2048
ensemble_belief_planner,combined_stress,3,0.4558,0.0209,0.1298,0.0135,0.1244,0.0064,0.401,0.0037,0.0692,0.0045,0.1147,0.0104,0.2866,0.0019,0.439,0.0028,35,0.2078
ensemble_belief_planner,combined_stress,4,0.4463,0.0218,0.1306,0.014,0.1247,0.0062,0.3964,0.0035,0.0686,0.0041,0.1149,0.0101,0.2866,0.0019,0.4396,0.0026,35,0.2109
ensemble_belief_planner,combined_stress,5,0.4629,0.0228,0.1322,0.0137,0.1259,0.0065,0.3989,0.0032,0.0686,0.0046,0.1151,0.0099,0.2866,0.0019,0.4382,0.0021,35,0.1912
ensemble_belief_planner,combined_stress,6,0.4673,0.0256,0.13,0.0137,0.1242,0.0064,0.3956,0.0041,0.0704,0.0044,0.1151,0.0102,0.2866,0.0019,0.4401,0.0027,35,0.1901
conformal_risk_tamp,nominal,0,0.5565,0.0217,0.0892,0.0089,0.081,0.0045,0.3642,0.0037,0.0443,0.0023,0.0907,0.0069,0.2919,0.0011,0.4401,0.0026,35,0.1735
conformal_risk_tamp,nominal,1,0.5537,0.0235,0.0902,0.0089,0.0828,0.0047,0.365,0.004,0.0438,0.0023,0.0908,0.0067,0.2919,0.0011,0.4416,0.0028,35,0.1769
conformal_risk_tamp,nominal,2,0.5578,0.0154,0.0902,0.0092,0.0817,0.0046,0.3633,0.0026,0.0442,0.0023,0.0902,0.0063,0.2919,0.0011,0.4415,0.0033,35,0.1888
conformal_risk_tamp,nominal,3,0.5507,0.0193,0.0902,0.0093,0.0823,0.0046,0.37,0.0035,0.0449,0.0023,0.091,0.0067,0.2919,0.0011,0.4406,0.0029,35,0.1803
conformal_risk_tamp,nominal,4,0.5619,0.0196,0.0898,0.0092,0.0811,0.004,0.3663,0.004,0.0439,0.0023,0.0895,0.0068,0.2919,0.0011,0.4403,0.0024,35,0.1759
conformal_risk_tamp,nominal,5,0.55,0.0195,0.0893,0.0092,0.082,0.004,0.366,0.0034,0.0449,0.0018,0.0915,0.0074,0.2919,0.0011,0.4393,0.0025,35,0.1871
conformal_risk_tamp,nominal,6,0.551,0.0163,0.0906,0.009,0.081,0.0045,0.3678,0.0036,0.0436,0.0023,0.091,0.0068,0.2919,0.0011,0.4412,0.0026,35,0.1806
conformal_risk_tamp,seen_shift,0,0.5252,0.0178,0.1078,0.0109,0.0961,0.0054,0.363,0.0042,0.051,0.0029,0.1013,0.0084,0.3024,0.0013,0.429,0.0031,35,0.167
conformal_risk_tamp,seen_shift,1,0.5044,0.019,0.105,0.0105,0.0965,0.0052,0.3636,0.0041,0.0501,0.0028,0.1013,0.0085,0.3024,0.0013,0.4255,0.0019,35,0.2003
conformal_risk_tamp,seen_shift,2,0.5048,0.0184,0.1064,0.0108,0.0972,0.0056,0.3653,0.0036,0.0514,0.0029,0.1008,0.0087,0.3024,0.0013,0.4263,0.0029,35,0.2003
conformal_risk_tamp,seen_shift,3,0.5146,0.0214,0.1039,0.0108,0.0967,0.0051,0.3638,0.0039,0.0505,0.0031,0.1014,0.0085,0.3024,0.0013,0.4311,0.0028,35,0.1827
conformal_risk_tamp,seen_shift,4,0.5003,0.0206,0.1047,0.0106,0.0971,0.005,0.3665,0.0035,0.0513,0.0029,0.1022,0.0083,0.3024,0.0013,0.4271,0.0024,35,0.2119
conformal_risk_tamp,seen_shift,5,0.5259,0.0198,0.1068,0.0113,0.0968,0.0056,0.3634,0.0042,0.0517,0.0026,0.1013,0.0081,0.3024,0.0013,0.4269,0.0024,35,0.1932
conformal_risk_tamp,seen_shift,6,0.4997,0.0241,0.106,0.0108,0.0971,0.0053,0.3639,0.0044,0.0506,0.003,0.1011,0.0085,0.3024,0.0013,0.4294,0.0017,35,0.1973
conformal_risk_tamp,unseen_object,0,0.499,0.0194,0.1197,0.0127,0.1057,0.0053,0.3629,0.004,0.0538,0.003,0.1123,0.0096,0.3079,0.0015,0.4228,0.0023,35,0.1929
conformal_risk_tamp,unseen_object,1,0.4956,0.0203,0.1193,0.0136,0.1055,0.0059,0.3618,0.0031,0.0542,0.0027,0.112,0.0095,0.3079,0.0015,0.4223,0.0026,35,0.1779
conformal_risk_tamp,unseen_object,2,0.485,0.0207,0.118,0.0126,0.1053,0.0062,0.3641,0.0033,0.0526,0.0028,0.1113,0.0104,0.3079,0.0015,0.4219,0.0024,35,0.2235
conformal_risk_tamp,unseen_object,3,0.4769,0.0258,0.1193,0.013,0.1048,0.0061,0.363,0.0031,0.0552,0.0029,0.1115,0.01,0.3079,0.0015,0.4213,0.0029,35,0.2058
conformal_risk_tamp,unseen_object,4,0.5051,0.021,0.1194,0.0128,0.1045,0.0057,0.3642,0.0038,0.0537,0.0032,0.1105,0.0098,0.3079,0.0015,0.4207,0.0026,35,0.1782
conformal_risk_tamp,unseen_object,5,0.4833,0.0242,0.1207,0.013,0.1065,0.0059,0.3602,0.0033,0.0542,0.003,0.1108,0.0096,0.3079,0.0015,0.422,0.0027,35,0.2156
conformal_risk_tamp,unseen_object,6,0.501,0.0199,0.1199,0.0136,0.1068,0.0057,0.365,0.0033,0.0537,0.003,0.1121,0.0101,0.3079,0.0015,0.4244,0.0024,35,0.1946
conformal_risk_tamp,unseen_contact,0,0.4752,0.023,0.1256,0.0136,0.1159,0.0065,0.3627,0.0033,0.0562,0.0032,0.1119,0.0095,0.3121,0.0016,0.4164,0.0028,35,0.2044
conformal_risk_tamp,unseen_contact,1,0.4667,0.0178,0.1271,0.0135,0.1147,0.0063,0.3614,0.0042,0.0567,0.003,0.1112,0.0101,0.3121,0.0016,0.4179,0.0027,35,0.2136
conformal_risk_tamp,unseen_contact,2,0.4731,0.0229,0.1268,0.0142,0.1149,0.0066,0.3599,0.004,0.0559,0.0033,0.1125,0.0099,0.3121,0.0016,0.4177,0.0029,35,0.2058
conformal_risk_tamp,unseen_contact,3,0.4724,0.0264,0.1274,0.0136,0.1157,0.0065,0.3608,0.004,0.0565,0.0033,0.1138,0.0104,0.3121,0.0016,0.4167,0.0029,35,0.2095
conformal_risk_tamp,unseen_contact,4,0.4656,0.019,0.125,0.0129,0.1166,0.0066,0.3595,0.0038,0.0558,0.0032,0.1124,0.0095,0.3121,0.0016,0.4199,0.0028,35,0.2044
conformal_risk_tamp,unseen_contact,5,0.4612,0.0198,0.1271,0.0133,0.1153,0.0065,0.3623,0.0036,0.0573,0.0034,0.112,0.0103,0.3121,0.0016,0.4164,0.0025,35,0.235
conformal_risk_tamp,unseen_contact,6,0.4748,0.02,0.126,0.0144,0.116,0.0065,0.3618,0.0028,0.0569,0.0035,0.1099,0.0105,0.3121,0.0016,0.418,0.0024,35,0.2048
conformal_risk_tamp,combined_stress,0,0.4401,0.0233,0.1432,0.0161,0.1324,0.0075,0.3599,0.0039,0.0627,0.0038,0.1269,0.0121,0.3217,0.0019,0.4066,0.0023,35,0.2136
conformal_risk_tamp,combined_stress,1,0.4265,0.023,0.1447,0.0158,0.1316,0.0074,0.3608,0.0034,0.0628,0.0036,0.1276,0.0116,0.3217,0.0019,0.4075,0.003,35,0.2255
conformal_risk_tamp,combined_stress,2,0.4367,0.0241,0.1415,0.0154,0.1331,0.0077,0.3634,0.0034,0.062,0.0035,0.1266,0.0115,0.3217,0.0019,0.4076,0.0025,35,0.2143
conformal_risk_tamp,combined_stress,3,0.4486,0.0228,0.1422,0.0151,0.1322,0.0074,0.363,0.0038,0.0636,0.0039,0.1266,0.0114,0.3217,0.0019,0.4071,0.0027,35,0.215
conformal_risk_tamp,combined_stress,4,0.416,0.0235,0.1426,0.0154,0.1316,0.0073,0.3609,0.0031,0.0613,0.0039,0.1282,0.0115,0.3217,0.0019,0.4054,0.0029,35,0.2412
conformal_risk_tamp,combined_stress,5,0.4357,0.0214,0.1438,0.0157,0.1331,0.0073,0.3647,0.0044,0.0618,0.0037,0.127,0.0118,0.3217,0.0019,0.4045,0.0024,35,0.2184
conformal_risk_tamp,combined_stress,6,0.4388,0.0246,0.1425,0.0157,0.1325,0.0076,0.3586,0.0037,0.0626,0.0037,0.1268,0.0118,0.3217,0.0019,0.4067,0.0022,35,0.2187
contingent_pomdp_tamp,nominal,0,0.5969,0.0171,0.069,0.0064,0.0666,0.0032,0.4636,0.0034,0.0427,0.0025,0.0769,0.0056,0.2811,0.0011,0.53,0.0025,35,0.133
contingent_pomdp_tamp,nominal,1,0.5871,0.0177,0.0693,0.0065,0.0651,0.0031,0.4669,0.0028,0.0438,0.0023,0.0776,0.0049,0.2811,0.0011,0.5312,0.0032,35,0.1435
contingent_pomdp_tamp,nominal,2,0.5935,0.0196,0.069,0.0064,0.0651,0.0034,0.4618,0.0031,0.043,0.0022,0.0752,0.0055,0.2811,0.0011,0.5328,0.0028,35,0.1531
contingent_pomdp_tamp,nominal,3,0.5925,0.0141,0.0688,0.0062,0.0674,0.0035,0.4624,0.0035,0.0434,0.0018,0.0768,0.0052,0.2811,0.0011,0.5323,0.0026,35,0.1384
contingent_pomdp_tamp,nominal,4,0.5796,0.0185,0.0701,0.0066,0.0655,0.0032,0.4666,0.0039,0.0417,0.0022,0.0769,0.0053,0.2811,0.0011,0.5326,0.0023,35,0.1582
contingent_pomdp_tamp,nominal,5,0.5697,0.0162,0.0686,0.0068,0.0691,0.0034,0.4649,0.0024,0.0424,0.0023,0.0758,0.0052,0.2811,0.0011,0.5317,0.0028,35,0.1673
contingent_pomdp_tamp,nominal,6,0.5891,0.014,0.0696,0.0066,0.0662,0.0033,0.4653,0.0032,0.0419,0.0021,0.0755,0.0055,0.2811,0.0011,0.5333,0.0027,35,0.1425
contingent_pomdp_tamp,seen_shift,0,0.5551,0.0173,0.0808,0.0084,0.0784,0.004,0.4609,0.004,0.0482,0.0026,0.083,0.0065,0.2915,0.0013,0.5178,0.0027,35,0.1371
contingent_pomdp_tamp,seen_shift,1,0.5534,0.0203,0.0811,0.0077,0.0791,0.004,0.463,0.0037,0.0502,0.0024,0.084,0.0062,0.2915,0.0013,0.5199,0.0028,35,0.1514
contingent_pomdp_tamp,seen_shift,2,0.5442,0.0216,0.0791,0.0078,0.0779,0.0043,0.4653,0.0038,0.0496,0.0026,0.0836,0.006,0.2915,0.0013,0.5177,0.0025,35,0.1609
contingent_pomdp_tamp,seen_shift,3,0.5571,0.0187,0.0801,0.0078,0.0779,0.0041,0.4637,0.004,0.0489,0.0026,0.0837,0.0058,0.2915,0.0013,0.5209,0.0025,35,0.1401
contingent_pomdp_tamp,seen_shift,4,0.5582,0.0208,0.081,0.0084,0.0773,0.0039,0.464,0.0046,0.0497,0.0026,0.084,0.0061,0.2915,0.0013,0.5212,0.0027,35,0.1541
contingent_pomdp_tamp,seen_shift,5,0.5544,0.0173,0.0807,0.0085,0.0791,0.0039,0.4643,0.0038,0.0489,0.0027,0.084,0.0062,0.2915,0.0013,0.5203,0.0023,35,0.1646
contingent_pomdp_tamp,seen_shift,6,0.5544,0.0231,0.0805,0.0081,0.0785,0.004,0.4661,0.0039,0.0503,0.0025,0.0852,0.006,0.2915,0.0013,0.5194,0.0021,35,0.1425
contingent_pomdp_tamp,unseen_object,0,0.5333,0.0227,0.089,0.0091,0.0847,0.0045,0.462,0.0029,0.0523,0.0032,0.0922,0.0072,0.297,0.0015,0.5132,0.0028,35,0.1585
contingent_pomdp_tamp,unseen_object,1,0.5316,0.0209,0.0906,0.0094,0.0858,0.0045,0.4607,0.0033,0.0529,0.0029,0.0917,0.0067,0.297,0.0015,0.5149,0.0028,35,0.1418
contingent_pomdp_tamp,unseen_object,2,0.5517,0.0147,0.0924,0.0091,0.0869,0.0044,0.4646,0.0035,0.0534,0.0033,0.0928,0.0077,0.297,0.0015,0.5151,0.0031,35,0.1568
contingent_pomdp_tamp,unseen_object,3,0.5344,0.0254,0.0895,0.009,0.0855,0.0046,0.4649,0.0038,0.0535,0.0029,0.0922,0.007,0.297,0.0015,0.5145,0.0023,35,0.1483
contingent_pomdp_tamp,unseen_object,4,0.5218,0.0227,0.0899,0.0091,0.0857,0.0046,0.4647,0.0037,0.0524,0.0027,0.0925,0.0075,0.297,0.0015,0.5164,0.0027,35,0.1616
contingent_pomdp_tamp,unseen_object,5,0.5303,0.0174,0.0909,0.0093,0.0867,0.0042,0.462,0.0042,0.0523,0.0029,0.0908,0.0071,0.297,0.0015,0.5117,0.002,35,0.1687
contingent_pomdp_tamp,unseen_object,6,0.5255,0.0219,0.0917,0.0091,0.0851,0.0043,0.4655,0.0035,0.0527,0.0036,0.0931,0.0072,0.297,0.0015,0.5124,0.003,35,0.1701
contingent_pomdp_tamp,unseen_contact,0,0.517,0.02,0.0957,0.0095,0.0942,0.0046,0.4628,0.0034,0.055,0.0028,0.0919,0.0077,0.3013,0.0016,0.5098,0.0031,35,0.1626
contingent_pomdp_tamp,unseen_contact,1,0.5048,0.0197,0.0968,0.0099,0.0929,0.0051,0.4615,0.0038,0.0554,0.0031,0.0929,0.0073,0.3013,0.0016,0.5071,0.0025,35,0.1755
contingent_pomdp_tamp,unseen_contact,2,0.5112,0.0225,0.0947,0.0095,0.094,0.0051,0.4616,0.0032,0.0545,0.0028,0.0926,0.0069,0.3013,0.0016,0.5102,0.0026,35,0.1677
contingent_pomdp_tamp,unseen_contact,3,0.5068,0.0183,0.0963,0.0099,0.0947,0.0047,0.4602,0.0038,0.0553,0.0032,0.0925,0.007,0.3013,0.0016,0.5091,0.0027,35,0.1752
contingent_pomdp_tamp,unseen_contact,4,0.5126,0.0188,0.0967,0.0097,0.0944,0.0044,0.4649,0.0037,0.0546,0.0031,0.0926,0.0068,0.3013,0.0016,0.5113,0.0022,35,0.1575
contingent_pomdp_tamp,unseen_contact,5,0.5105,0.0224,0.0971,0.0101,0.0932,0.0044,0.4634,0.0032,0.0555,0.0029,0.093,0.0076,0.3013,0.0016,0.5089,0.0023,35,0.1857
contingent_pomdp_tamp,unseen_contact,6,0.5054,0.017,0.0956,0.0095,0.0922,0.0047,0.4654,0.0034,0.0546,0.0032,0.091,0.0077,0.3013,0.0016,0.5079,0.0026,35,0.1741
contingent_pomdp_tamp,combined_stress,0,0.4861,0.0198,0.1079,0.0111,0.1082,0.0053,0.4563,0.0034,0.0601,0.0034,0.1026,0.0087,0.3109,0.0019,0.5001,0.0025,35,0.1677
contingent_pomdp_tamp,combined_stress,1,0.4884,0.0212,0.1078,0.011,0.1067,0.005,0.4615,0.0038,0.059,0.0033,0.1031,0.0086,0.3109,0.0019,0.4981,0.0029,35,0.1636
contingent_pomdp_tamp,combined_stress,2,0.4701,0.0183,0.106,0.0106,0.1069,0.0054,0.4617,0.0035,0.061,0.0037,0.1029,0.0084,0.3109,0.0019,0.5016,0.0022,35,0.181
contingent_pomdp_tamp,combined_stress,3,0.4741,0.0206,0.1069,0.0111,0.1075,0.0059,0.4603,0.004,0.0597,0.0032,0.1033,0.0091,0.3109,0.0019,0.4976,0.0025,35,0.1895
contingent_pomdp_tamp,combined_stress,4,0.4796,0.017,0.1077,0.0113,0.1077,0.0058,0.4605,0.0035,0.0602,0.0032,0.1016,0.0084,0.3109,0.0019,0.5,0.0035,35,0.1776
contingent_pomdp_tamp,combined_stress,5,0.4898,0.0222,0.1075,0.0113,0.1071,0.0051,0.4627,0.0043,0.0608,0.0037,0.1028,0.0091,0.3109,0.0019,0.4975,0.0027,35,0.1643
contingent_pomdp_tamp,combined_stress,6,0.4704,0.0178,0.1098,0.0112,0.1085,0.0055,0.4616,0.0039,0.0606,0.0031,0.1024,0.0086,0.3109,0.0019,0.497,0.0026,35,0.1871
proposed_contact_belief_tamp,nominal,0,0.6449,0.0201,0.0386,0.0037,0.0462,0.0022,0.5614,0.0031,0.0369,0.0017,0.0586,0.0034,0.1837,0.0011,0.6527,0.0021,35,0.085
proposed_contact_belief_tamp,nominal,1,0.6537,0.0163,0.0371,0.0037,0.048,0.002,0.5633,0.0034,0.0369,0.0016,0.058,0.0031,0.1837,0.0011,0.6512,0.0026,35,0.0769
proposed_contact_belief_tamp,nominal,2,0.6439,0.0171,0.0368,0.0041,0.0464,0.0021,0.5672,0.004,0.0387,0.0018,0.0589,0.0037,0.1837,0.0011,0.6503,0.0025,35,0.1027
proposed_contact_belief_tamp,nominal,3,0.6401,0.0171,0.037,0.004,0.0472,0.0018,0.5628,0.0031,0.0374,0.0019,0.0589,0.0025,0.1837,0.0011,0.6521,0.0031,35,0.0908
proposed_contact_belief_tamp,nominal,4,0.6296,0.0181,0.0371,0.0038,0.0471,0.002,0.5673,0.0029,0.0376,0.0014,0.0607,0.003,0.1837,0.0011,0.6497,0.0024,35,0.1082
proposed_contact_belief_tamp,nominal,5,0.6473,0.0197,0.0371,0.0038,0.0462,0.0023,0.5659,0.0034,0.0379,0.0016,0.0625,0.0029,0.1837,0.0011,0.6501,0.0026,35,0.0898
proposed_contact_belief_tamp,nominal,6,0.6429,0.0148,0.0368,0.0045,0.0467,0.0015,0.5634,0.0036,0.0374,0.002,0.0594,0.0033,0.1837,0.0011,0.6541,0.0022,35,0.0888
proposed_contact_belief_tamp,seen_shift,0,0.5966,0.0183,0.0436,0.004,0.0547,0.002,0.5593,0.0036,0.0406,0.002,0.0654,0.0038,0.1941,0.0013,0.6351,0.0029,35,0.0956
proposed_contact_belief_tamp,seen_shift,1,0.602,0.0177,0.0426,0.0049,0.0531,0.0021,0.5616,0.0036,0.0422,0.0018,0.0654,0.004,0.1941,0.0013,0.6387,0.0027,35,0.1027
proposed_contact_belief_tamp,seen_shift,2,0.6194,0.022,0.0427,0.0045,0.0528,0.0022,0.5641,0.0038,0.0412,0.0018,0.0649,0.0037,0.1941,0.0013,0.6401,0.0025,35,0.0857
proposed_contact_belief_tamp,seen_shift,3,0.6112,0.0181,0.0431,0.0046,0.0533,0.0024,0.5639,0.0035,0.0406,0.0018,0.0627,0.0037,0.1941,0.0013,0.6385,0.0023,35,0.0861
proposed_contact_belief_tamp,seen_shift,4,0.5959,0.0191,0.0449,0.0041,0.0522,0.0017,0.5607,0.0034,0.0404,0.0017,0.0626,0.0039,0.1941,0.0013,0.6389,0.0027,35,0.1163
proposed_contact_belief_tamp,seen_shift,5,0.619,0.0208,0.043,0.0042,0.0519,0.0023,0.5645,0.0029,0.0409,0.0019,0.064,0.0042,0.1941,0.0013,0.6377,0.0025,35,0.1
proposed_contact_belief_tamp,seen_shift,6,0.6027,0.0189,0.0412,0.0044,0.0532,0.0025,0.5654,0.0037,0.0414,0.002,0.0649,0.004,0.1941,0.0013,0.637,0.0026,35,0.0942
proposed_contact_belief_tamp,unseen_object,0,0.5867,0.0194,0.0477,0.0049,0.0565,0.0019,0.5617,0.004,0.0421,0.0019,0.0707,0.0041,0.1996,0.0015,0.6343,0.0027,35,0.1051
proposed_contact_belief_tamp,unseen_object,1,0.6003,0.0154,0.0481,0.0056,0.056,0.002,0.56,0.0039,0.0428,0.0019,0.0689,0.0043,0.1996,0.0015,0.6339,0.0032,35,0.0731
proposed_contact_belief_tamp,unseen_object,2,0.5949,0.0156,0.0473,0.0047,0.0556,0.0022,0.5636,0.0036,0.0433,0.0018,0.0696,0.0046,0.1996,0.0015,0.6326,0.0023,35,0.1136
proposed_contact_belief_tamp,unseen_object,3,0.5884,0.0141,0.0467,0.005,0.0575,0.0022,0.5647,0.0036,0.0435,0.0021,0.0705,0.0041,0.1996,0.0015,0.6324,0.0031,35,0.0942
proposed_contact_belief_tamp,unseen_object,4,0.6092,0.017,0.0484,0.0054,0.0566,0.0024,0.5655,0.0033,0.0423,0.002,0.0692,0.0046,0.1996,0.0015,0.6317,0.0028,35,0.0741
proposed_contact_belief_tamp,unseen_object,5,0.5905,0.0209,0.0485,0.0052,0.0571,0.0026,0.5641,0.0042,0.0431,0.0014,0.0704,0.0045,0.1996,0.0015,0.6325,0.0023,35,0.1085
proposed_contact_belief_tamp,unseen_object,6,0.5871,0.0159,0.0482,0.0054,0.0574,0.0024,0.5648,0.0042,0.0433,0.0023,0.0705,0.0043,0.1996,0.0015,0.6337,0.0023,35,0.1085
proposed_contact_belief_tamp,unseen_contact,0,0.5837,0.022,0.0518,0.0053,0.0612,0.0026,0.5593,0.0033,0.0445,0.002,0.0697,0.0045,0.2039,0.0016,0.6302,0.0027,35,0.0959
proposed_contact_belief_tamp,unseen_contact,1,0.5687,0.0204,0.0518,0.0062,0.0607,0.0025,0.5624,0.0029,0.0445,0.0019,0.0669,0.0042,0.2039,0.0016,0.6283,0.0028,35,0.1116
proposed_contact_belief_tamp,unseen_contact,2,0.5769,0.0176,0.0527,0.0057,0.06,0.0028,0.5643,0.003,0.0445,0.0023,0.067,0.0041,0.2039,0.0016,0.6272,0.0026,35,0.102
proposed_contact_belief_tamp,unseen_contact,3,0.5769,0.0194,0.0535,0.0056,0.0604,0.0023,0.561,0.0035,0.0443,0.0019,0.0691,0.0045,0.2039,0.0016,0.63,0.0026,35,0.1051
proposed_contact_belief_tamp,unseen_contact,4,0.5847,0.0201,0.05,0.0058,0.0606,0.0021,0.5626,0.0041,0.0444,0.0022,0.0675,0.0046,0.2039,0.0016,0.6297,0.0023,35,0.0854
proposed_contact_belief_tamp,unseen_contact,5,0.5901,0.016,0.0514,0.0054,0.0597,0.0023,0.5598,0.0038,0.0448,0.0019,0.0684,0.0044,0.2039,0.0016,0.6311,0.0025,35,0.1061
proposed_contact_belief_tamp,unseen_contact,6,0.5789,0.0196,0.0509,0.005,0.0621,0.0025,0.562,0.0038,0.0433,0.0023,0.0679,0.0043,0.2039,0.0016,0.629,0.0031,35,0.1007
proposed_contact_belief_tamp,combined_stress,0,0.5537,0.0186,0.0559,0.0061,0.0676,0.003,0.5578,0.0037,0.0477,0.0023,0.0737,0.0052,0.2135,0.0019,0.6167,0.0027,35,0.1
proposed_contact_belief_tamp,combined_stress,1,0.5548,0.0169,0.0577,0.0058,0.0673,0.0028,0.5579,0.0037,0.0475,0.0023,0.0732,0.0048,0.2135,0.0019,0.6176,0.0028,35,0.0973
proposed_contact_belief_tamp,combined_stress,2,0.5524,0.0181,0.0581,0.0066,0.0688,0.0025,0.5575,0.0036,0.046,0.0023,0.0737,0.005,0.2135,0.0019,0.6162,0.003,35,0.0986
proposed_contact_belief_tamp,combined_stress,3,0.5646,0.0171,0.0572,0.0059,0.0675,0.0031,0.5569,0.0028,0.0477,0.002,0.0732,0.0051,0.2135,0.0019,0.6189,0.0024,35,0.099
proposed_contact_belief_tamp,combined_stress,4,0.5653,0.018,0.0569,0.0059,0.0677,0.0026,0.5582,0.0041,0.0473,0.0025,0.0731,0.0051,0.2135,0.0019,0.6149,0.0024,35,0.0918
proposed_contact_belief_tamp,combined_stress,5,0.5633,0.0192,0.0573,0.0062,0.0689,0.0028,0.5637,0.0038,0.0481,0.0022,0.0741,0.0048,0.2135,0.0019,0.6183,0.0033,35,0.0908
proposed_contact_belief_tamp,combined_stress,6,0.5653,0.0192,0.058,0.0059,0.0692,0.0027,0.5593,0.0035,0.0481,0.0024,0.0733,0.0049,0.2135,0.0019,0.619,0.0027,35,0.0922
oracle_contact_outcome_planner,nominal,0,0.7299,0.014,0.0133,0.0019,0.0413,0.0015,0.6169,0.0038,0.0341,0.0017,0.0514,0.0028,0.1701,0.0011,0.7179,0.003,35,0.0
oracle_contact_outcome_planner,nominal,1,0.7306,0.0145,0.0133,0.0019,0.0429,0.0016,0.6171,0.0035,0.0337,0.0012,0.0518,0.0024,0.1701,0.0011,0.7175,0.0026,35,0.0
oracle_contact_outcome_planner,nominal,2,0.7466,0.015,0.0147,0.0022,0.0423,0.0014,0.6159,0.004,0.0317,0.0014,0.0526,0.002,0.1701,0.0011,0.7158,0.0027,35,0.0
oracle_contact_outcome_planner,nominal,3,0.731,0.0145,0.0147,0.0017,0.0407,0.0014,0.6173,0.0038,0.0328,0.0015,0.0523,0.0027,0.1701,0.0011,0.7183,0.0022,35,0.0
oracle_contact_outcome_planner,nominal,4,0.7378,0.0151,0.0128,0.0018,0.0408,0.0013,0.6165,0.0025,0.0332,0.0016,0.0517,0.0027,0.1701,0.0011,0.7174,0.0026,35,0.0
oracle_contact_outcome_planner,nominal,5,0.7371,0.0149,0.0124,0.0022,0.0415,0.0013,0.6161,0.0037,0.0324,0.0016,0.0506,0.0027,0.1701,0.0011,0.7158,0.0029,35,0.0
oracle_contact_outcome_planner,nominal,6,0.7316,0.0161,0.0145,0.0022,0.0423,0.0017,0.6167,0.0037,0.0317,0.0016,0.0531,0.0026,0.1701,0.0011,0.7203,0.0017,35,0.0
oracle_contact_outcome_planner,seen_shift,0,0.6922,0.0191,0.0173,0.002,0.045,0.0014,0.6163,0.0032,0.0352,0.0013,0.0548,0.0024,0.1805,0.0013,0.7064,0.0023,35,0.0
oracle_contact_outcome_planner,seen_shift,1,0.7048,0.0183,0.0147,0.0023,0.0439,0.0015,0.6139,0.0039,0.0348,0.0012,0.0545,0.0027,0.1805,0.0013,0.7062,0.0026,35,0.0
oracle_contact_outcome_planner,seen_shift,2,0.7051,0.0194,0.0144,0.0022,0.0433,0.0013,0.6152,0.0032,0.0352,0.0017,0.0546,0.0026,0.1805,0.0013,0.7062,0.0031,35,0.0
oracle_contact_outcome_planner,seen_shift,3,0.6973,0.0189,0.0158,0.0024,0.0443,0.001,0.6136,0.004,0.0344,0.0014,0.0536,0.0026,0.1805,0.0013,0.7052,0.0033,35,0.0
oracle_contact_outcome_planner,seen_shift,4,0.7122,0.0155,0.0152,0.0019,0.0438,0.0016,0.6138,0.0034,0.0355,0.0016,0.0549,0.0029,0.1805,0.0013,0.7045,0.0021,35,0.0
oracle_contact_outcome_planner,seen_shift,5,0.719,0.0156,0.0137,0.0022,0.044,0.0013,0.6159,0.0032,0.0336,0.0015,0.0551,0.003,0.1805,0.0013,0.704,0.0028,35,0.0
oracle_contact_outcome_planner,seen_shift,6,0.6969,0.0181,0.0139,0.0019,0.0446,0.0015,0.6169,0.0044,0.0338,0.0012,0.055,0.0024,0.1805,0.0013,0.7047,0.0021,35,0.0
oracle_contact_outcome_planner,unseen_object,0,0.6918,0.0117,0.0175,0.003,0.0465,0.0016,0.6144,0.0039,0.035,0.0012,0.0595,0.0036,0.186,0.0015,0.6972,0.0029,35,0.0
oracle_contact_outcome_planner,unseen_object,1,0.6735,0.0199,0.019,0.002,0.0455,0.0011,0.6124,0.0039,0.0362,0.0016,0.0595,0.0038,0.186,0.0015,0.6976,0.0023,35,0.0
oracle_contact_outcome_planner,unseen_object,2,0.7085,0.0135,0.0186,0.0022,0.044,0.0014,0.6112,0.0038,0.036,0.0017,0.0584,0.0037,0.186,0.0015,0.6998,0.0024,35,0.0
oracle_contact_outcome_planner,unseen_object,3,0.6827,0.0189,0.0168,0.0022,0.0459,0.0011,0.6152,0.0034,0.0362,0.0014,0.0594,0.0041,0.186,0.0015,0.698,0.0024,35,0.0
oracle_contact_outcome_planner,unseen_object,4,0.6833,0.0159,0.0159,0.0023,0.0452,0.0012,0.6136,0.0045,0.0353,0.0017,0.0583,0.0039,0.186,0.0015,0.6977,0.0023,35,0.0
oracle_contact_outcome_planner,unseen_object,5,0.699,0.0164,0.0165,0.0023,0.0441,0.0014,0.616,0.0038,0.0353,0.0017,0.0587,0.0039,0.186,0.0015,0.6971,0.0027,35,0.0
oracle_contact_outcome_planner,unseen_object,6,0.6956,0.0156,0.0175,0.0023,0.0446,0.0013,0.6147,0.0043,0.0338,0.0013,0.0596,0.0035,0.186,0.0015,0.6986,0.0027,35,0.0
oracle_contact_outcome_planner,unseen_contact,0,0.6796,0.0191,0.0188,0.0025,0.0476,0.0015,0.6127,0.0033,0.0355,0.0017,0.0576,0.003,0.1903,0.0016,0.6934,0.0027,35,0.0
oracle_contact_outcome_planner,unseen_contact,1,0.6803,0.0183,0.0177,0.0022,0.0467,0.0016,0.617,0.0038,0.0355,0.0013,0.0552,0.0033,0.1903,0.0016,0.6937,0.0026,35,0.0
oracle_contact_outcome_planner,unseen_contact,2,0.6789,0.0136,0.0189,0.0026,0.0467,0.0013,0.6143,0.0037,0.0356,0.0016,0.0557,0.0027,0.1903,0.0016,0.6946,0.0025,35,0.0
oracle_contact_outcome_planner,unseen_contact,3,0.682,0.0166,0.0194,0.0025,0.0471,0.0014,0.6099,0.0038,0.0366,0.0016,0.0562,0.0031,0.1903,0.0016,0.6927,0.0025,35,0.0
oracle_contact_outcome_planner,unseen_contact,4,0.6701,0.0159,0.0198,0.0029,0.0463,0.0016,0.6138,0.003,0.0371,0.0016,0.0563,0.0034,0.1903,0.0016,0.693,0.0022,35,0.0
oracle_contact_outcome_planner,unseen_contact,5,0.6963,0.0213,0.0187,0.0026,0.0458,0.0013,0.6129,0.0032,0.036,0.0016,0.0563,0.0032,0.1903,0.0016,0.6935,0.0023,35,0.0
oracle_contact_outcome_planner,unseen_contact,6,0.6796,0.0227,0.0193,0.0024,0.0471,0.0016,0.6149,0.0037,0.0358,0.0014,0.0563,0.003,0.1903,0.0016,0.6952,0.0026,35,0.0
oracle_contact_outcome_planner,combined_stress,0,0.6537,0.0173,0.0225,0.0028,0.0493,0.0014,0.6082,0.0036,0.036,0.0016,0.0614,0.004,0.1999,0.0019,0.6844,0.0026,35,0.0
oracle_contact_outcome_planner,combined_stress,1,0.652,0.0176,0.019,0.0026,0.0495,0.0018,0.6133,0.0032,0.0362,0.0014,0.0606,0.0036,0.1999,0.0019,0.6843,0.002,35,0.0
oracle_contact_outcome_planner,combined_stress,2,0.651,0.0187,0.0205,0.0026,0.0488,0.0016,0.6114,0.0044,0.0373,0.0015,0.0612,0.0037,0.1999,0.0019,0.6825,0.0023,35,0.0
oracle_contact_outcome_planner,combined_stress,3,0.6636,0.0153,0.0191,0.0025,0.0496,0.0015,0.613,0.0037,0.0377,0.0016,0.0605,0.0037,0.1999,0.0019,0.684,0.0028,35,0.0
oracle_contact_outcome_planner,combined_stress,4,0.6571,0.0168,0.0204,0.0029,0.05,0.0012,0.6118,0.0038,0.0377,0.0014,0.0614,0.0039,0.1999,0.0019,0.6811,0.0025,35,0.0
oracle_contact_outcome_planner,combined_stress,5,0.6541,0.0171,0.0212,0.0026,0.048,0.0017,0.6135,0.0036,0.0375,0.0015,0.0609,0.0038,0.1999,0.0019,0.6827,0.003,35,0.0
oracle_contact_outcome_planner,combined_stress,6,0.6575,0.0177,0.0201,0.0031,0.0487,0.0015,0.6113,0.0047,0.0371,0.0016,0.0612,0.0035,0.1999,0.0019,0.6821,0.0023,35,0.0
